Student_ID,Gender,Age,CGPA,Attendance_Percentage,Study_Hours_Per_Day,Backlogs,Internships,Projects,Certifications,Communication_Score,Technical_Skill_Score,Aptitude_Score,Extracurricular_Activities,Previous_Internship,Placement_Status
STU0740,Male,22,8.03,71.7,2.6,2,0,2,3,80.2,70.7,62.9,No,No,Not Placed
STU0789,Male,22,6.57,95.6,2.4,0,2,0,0,,77.0,56.0,No,No,Not Placed
STU0044,Female,20,7.25,83.4,0.6,0,1,1,0,63.1,75.1,33.5,No,No,Not Placed
STU0156,Male,20,7.34,83.0,2.0,0,0,1,0,72.8,66.1,76.6,No,No,Placed
STU0495,Male,20,7.67,80.2,3.1,0,1,2,4,81.6,70.8,38.8,Yes,No,Placed
STU0971,Female,20,7.69,99.0,2.7,0,1,2,1,27.8,71.2,45.6,Yes,Yes,Placed
STU0271,Female,20,8.3,91.6,4.6,1,2,1,1,54.6,91.4,26.4,No,No,Placed
STU0591,Male,20,6.96,62.0,2.2,0,2,2,0,55.6,95.2,80.3,No,No,Not Placed
STU0124,Male,20,6.83,75.5,1.2,0,3,2,4,66.0,82.7,33.9,Yes,Yes,Placed
STU0114,Female,20,5.44,77.0,1.7,0,0,3,2,49.2,37.2,76.4,No,No,Not Placed
STU0931,Male,20,5.94,68.6,0.9,0,0,2,3,81.5,80.0,33.4,Yes,Yes,Not Placed
STU0129,Male,20,5.83,73.6,2.8,0,1,3,3,73.3,76.8,76.1,Yes,Yes,Placed
STU0733,Female,21,5.12,77.5,2.3,0,0,0,0,64.7,71.2,52.2,No,No,Not Placed
STU0479,Female,20,6.43,86.5,1.7,3,0,3,1,62.6,55.9,41.9,Yes,No,Placed
STU0148,Male,22,6.01,67.2,2.9,1,2,1,3,69.4,69.2,67.4,Yes,No,Not Placed
STU1006,Female,20,8.05,83.2,2.0,0,3,1,3,50.2,78.9,53.8,Yes,No,Placed
STU1101,Male,21,7.53,87.4,1.1,0,0,4,3,59.0,53.2,70.1,No,No,Placed
STU0175,Female,21,7.51,69.0,0.0,0,0,4,0,73.6,57.3,63.7,No,No,Placed
STU0359,Female,22,7.46,74.1,0.1,1,1,3,1,48.4,74.1,84.3,Yes,No,Not Placed
STU0221,Female,21,9.26,61.3,2.0,0,2,1,2,67.4,58.3,33.5,Yes,No,Not Placed
STU1104,Female,20,6.75,87.9,1.1,0,0,4,3,70.8,72.6,41.9,No,No,Placed
STU0590,Male,22,6.99,74.6,3.5,1,1,0,0,74.1,59.5,47.5,Yes,No,Not Placed
STU0295,Male,22,6.96,81.5,1.0,0,2,3,4,54.1,54.3,84.2,No,No,Not Placed
STU0810,Male,20,6.65,90.0,5.2,0,2,1,1,48.0,61.9,63.9,Yes,No,Placed
STU0298,Male,21,7.64,91.6,3.1,0,2,2,1,77.6,73.0,82.0,Yes,Yes,Placed
STU1020,Male,22,6.64,57.7,1.6,1,1,3,1,80.1,63.4,61.6,No,Yes,Not Placed
STU0594,Male,22,7.76,76.4,2.3,1,0,1,0,64.7,76.5,53.7,,No,Not Placed
STU0788,Male,22,7.06,83.9,1.7,0,0,3,3,56.9,76.2,65.6,Yes,No,Not Placed
STU0082,Female,21,6.82,86.9,1.5,0,0,1,1,64.2,73.8,66.8,No,Yes,Not Placed
STU0234,Male,22,7.21,79.4,3.2,0,1,1,0,42.1,62.0,52.8,No,Yes,Not Placed
STU0986,Male,21,6.51,90.3,2.3,1,1,1,1,50.1,67.1,46.5,No,No,Not Placed
STU0267,Female,22,8.57,75.3,0.0,0,2,1,3,56.7,47.4,65.9,No,No,Placed
STU0211,Male,20,6.29,79.3,2.5,0,0,2,2,57.8,60.6,73.8,Yes,Yes,Placed
STU0615,Female,20,6.82,72.4,2.7,1,1,2,0,69.6,34.2,72.6,No,No,Not Placed
STU1123,Female,20,7.83,76.7,3.1,0,0,3,0,65.7,69.1,32.4,Yes,No,Not Placed
STU0963,Male,21,8.41,67.7,2.9,3,0,4,0,45.8,70.0,25.7,No,Yes,Not Placed
STU1193,Male,21,5.67,94.6,1.2,0,1,2,0,55.1,54.0,77.5,Yes,No,Not Placed
STU0439,Female,20,6.3,,1.9,0,3,1,3,64.6,57.7,43.6,Yes,No,Not Placed
STU0241,Female,21,6.5,84.1,6.0,0,2,3,3,50.9,65.3,82.7,Yes,Yes,Placed
STU0351,Male,21,7.26,69.8,2.7,0,1,0,0,40.2,75.1,58.1,Yes,No,Not Placed
STU0045,Male,20,6.62,82.6,2.9,2,1,2,3,82.6,52.4,40.1,No,No,Not Placed
STU0845,Male,20,7.1,92.9,4.0,0,3,1,1,76.3,57.7,61.1,No,No,Placed
STU1070,Male,20,7.15,88.0,4.5,3,1,1,1,80.0,53.6,68.5,No,No,Not Placed
STU0343,Male,22,8.62,73.2,2.3,2,1,2,0,82.0,74.5,40.7,No,No,Placed
STU0644,Male,22,6.41,88.1,2.1,0,3,3,3,66.0,61.6,75.7,No,Yes,Placed
STU0677,Male,20,8.47,56.2,6.3,3,0,1,1,55.1,58.2,32.9,No,No,Not Placed
STU0210,Male,22,8.77,85.8,2.6,3,0,3,0,88.5,99.2,80.0,No,No,Not Placed
STU0480,Male,22,8.21,68.6,2.5,0,1,2,0,81.7,81.2,65.9,Yes,Yes,Placed
STU0077,Female,20,6.1,76.4,3.4,0,2,2,1,42.4,65.3,59.1,No,Yes,Placed
STU0865,Male,20,6.57,74.4,2.8,1,0,3,0,67.3,65.3,36.5,No,No,Not Placed
STU0533,Female,21,6.41,77.0,2.1,1,3,1,4,80.0,63.9,90.6,No,No,Placed
STU0875,Male,22,,,3.2,0,2,1,1,43.8,71.3,87.6,Yes,No,Placed
STU0543,Male,20,7.13,99.7,4.6,2,1,0,0,77.1,60.4,47.8,No,No,Not Placed
STU0108,Female,20,7.74,80.0,3.1,0,1,4,1,,94.0,69.2,Yes,No,Placed
STU0786,Female,21,6.42,81.8,1.5,0,1,3,1,43.4,77.2,77.3,Yes,No,Placed
STU0324,Male,20,6.17,92.6,1.1,0,2,3,3,49.9,99.2,36.3,No,No,Placed
STU0425,Male,21,7.03,75.5,4.2,0,0,4,1,69.7,70.0,62.4,No,No,Placed
STU0079,Male,21,8.08,83.0,3.2,1,0,1,2,53.1,60.2,56.6,No,No,Placed
STU1056,Male,22,6.58,91.8,3.7,0,1,2,3,52.7,57.0,67.3,No,No,Not Placed
STU0297,Female,20,7.68,77.7,3.4,0,0,4,2,49.0,71.2,49.6,Yes,No,Not Placed
STU0171,Female,22,8.0,62.9,0.0,0,1,4,0,63.0,76.1,50.8,No,No,Placed
STU0050,Male,21,6.74,86.6,1.3,2,0,1,0,100.0,85.9,11.7,Yes,No,Not Placed
STU0911,Female,20,7.32,77.8,2.3,0,2,1,2,58.2,83.3,67.5,Yes,No,Placed
STU0536,Female,20,7.31,73.6,2.5,0,1,4,1,59.7,91.7,48.4,No,No,Not Placed
STU0597,Female,21,7.23,71.6,2.6,1,2,1,1,64.2,57.1,78.5,,No,Not Placed
STU0576,Female,20,6.61,80.2,2.5,0,0,0,2,70.6,57.8,52.0,Yes,Yes,Placed
STU0736,Female,21,8.1,91.0,1.2,0,2,2,1,68.1,66.6,40.0,No,No,Placed
STU0926,Male,20,5.97,67.5,1.5,0,0,2,1,85.7,90.6,46.9,Yes,No,Not Placed
STU0708,Female,21,7.94,91.3,1.9,0,1,4,2,60.9,70.0,72.5,Yes,Yes,Placed
STU0311,Male,20,7.24,93.1,2.3,0,1,1,1,55.1,65.6,51.2,No,No,Not Placed
STU0616,Female,22,5.74,81.7,2.1,1,1,2,2,81.1,79.2,83.0,No,Yes,Not Placed
STU0071,Female,20,7.53,84.0,3.3,1,1,3,0,85.0,60.5,51.8,Yes,Yes,Placed
STU0757,Female,22,7.15,63.8,3.0,2,2,1,1,74.6,49.2,76.5,Yes,No,Placed
STU0024,Male,22,6.71,96.4,2.7,0,0,1,1,44.9,66.0,54.3,No,No,Not Placed
STU0110,Male,21,7.47,74.9,2.2,0,0,1,3,33.7,57.2,100.0,No,Yes,Placed
STU1005,Female,22,6.95,71.1,4.6,0,0,1,1,74.7,76.7,49.8,No,Yes,Not Placed
STU0059,Male,22,7.15,84.4,1.9,0,2,2,0,85.2,52.7,37.9,Yes,No,Placed
STU0440,Male,20,6.51,87.1,2.4,0,1,2,3,59.0,48.4,71.0,No,Yes,Not Placed
STU0924,Female,21,8.1,82.2,2.0,2,1,1,1,52.3,37.3,69.1,Yes,Yes,Not Placed
STU0328,Female,20,7.57,75.2,1.7,0,1,1,0,44.9,64.2,61.2,No,No,Not Placed
STU0428,Female,20,7.08,96.9,4.6,1,0,3,4,54.6,76.1,29.9,No,No,Not Placed
STU1019,Female,20,7.03,89.3,1.6,0,0,1,0,89.6,93.5,54.7,Yes,Yes,Placed
STU0662,Female,21,6.08,99.4,5.0,0,1,3,2,61.6,70.2,67.6,No,No,Placed
STU1146,Female,21,6.28,78.5,4.8,2,0,3,0,34.6,65.7,31.6,No,Yes,Not Placed
STU0383,Female,20,7.78,95.7,3.6,0,1,3,2,74.2,40.5,28.8,Yes,Yes,Placed
STU0102,Female,21,,68.9,2.8,0,0,3,2,56.3,71.0,100.0,Yes,No,Not Placed
STU0334,Male,21,7.41,74.9,1.4,0,0,3,2,50.5,55.2,41.7,Yes,No,Placed
STU0904,Female,22,6.86,83.1,2.4,0,0,0,2,79.9,62.5,67.9,Yes,Yes,Placed
STU0436,Female,20,7.27,69.6,4.9,1,0,2,1,70.4,68.3,58.3,No,Yes,Placed
STU0600,Male,22,5.74,73.2,3.2,0,1,2,1,74.2,85.4,63.7,Yes,No,Placed
STU0052,Female,21,6.51,,1.8,0,0,4,1,61.2,85.0,58.8,Yes,No,Placed
STU0366,Male,21,6.69,72.2,2.8,0,1,2,2,56.3,49.5,58.3,Yes,Yes,Placed
STU0287,Male,21,7.97,94.6,4.4,0,0,2,1,72.2,62.3,24.8,,No,Placed
STU0199,Female,20,7.79,84.7,1.5,0,2,2,4,60.4,66.3,61.3,Yes,No,Placed
STU0668,Male,21,7.03,82.3,2.4,0,2,3,3,69.5,69.0,59.7,Yes,No,Not Placed
STU0515,Male,22,6.84,92.1,3.3,1,0,2,1,81.6,85.3,69.2,No,No,Not Placed
STU0245,Male,22,7.29,79.7,6.8,0,0,3,1,61.5,61.8,59.7,No,No,Placed
STU0468,Female,21,7.26,77.2,2.1,0,1,2,4,44.3,58.2,60.8,Yes,No,Placed
STU0494,Male,22,6.0,72.4,2.9,0,0,1,1,62.5,68.1,41.5,Yes,No,Not Placed
STU0055,Female,20,6.88,67.1,3.4,1,0,2,1,62.3,71.9,69.5,No,Yes,Not Placed
STU1168,Male,21,7.07,78.6,3.9,0,1,1,2,48.3,79.8,22.0,No,No,Not Placed
STU0769,Male,21,6.3,61.5,2.8,1,3,1,1,58.7,61.4,74.0,Yes,No,Placed
STU0310,Male,22,6.81,73.1,4.8,2,1,3,0,56.3,84.5,90.8,No,No,Placed
STU0057,Male,21,7.49,70.9,1.4,0,0,1,0,72.0,50.0,38.5,Yes,No,Not Placed
STU0087,Female,21,7.47,88.3,3.4,0,1,3,1,67.6,64.8,52.5,Yes,No,Placed
STU0722,Male,21,7.54,63.0,2.1,0,0,2,0,55.1,51.9,43.8,Yes,No,Not Placed
STU0307,Male,22,6.97,77.7,1.8,0,1,1,1,56.5,66.9,60.2,No,No,Placed
STU0737,Male,21,7.93,81.6,5.8,0,2,2,2,73.4,62.9,41.3,Yes,No,Not Placed
STU1178,Male,20,8.1,61.2,5.1,0,1,2,1,98.9,61.5,67.0,Yes,No,Placed
STU0713,Male,21,7.98,66.0,2.6,0,3,1,1,50.0,60.9,25.5,No,No,Placed
STU0583,Male,22,7.49,95.8,2.0,0,1,4,3,70.6,71.9,83.5,Yes,No,Placed
STU1023,Female,20,8.36,74.9,5.8,0,0,4,2,80.0,100.0,89.1,No,Yes,Placed
STU0936,Male,21,7.35,97.5,3.9,0,0,0,2,69.7,56.4,43.2,No,No,Not Placed
STU1037,Male,22,6.55,85.6,1.9,1,1,2,4,55.9,64.0,69.2,No,No,Placed
STU0539,Male,21,,91.8,5.0,0,0,1,0,57.5,72.6,39.8,Yes,Yes,Not Placed
STU0559,Female,22,8.09,76.3,0.4,0,0,2,1,48.4,59.7,63.7,Yes,No,Not Placed
STU0651,Male,22,5.99,92.7,4.0,2,3,2,0,54.1,52.9,32.0,Yes,Yes,Not Placed
STU0299,Female,20,5.56,87.3,4.2,0,0,2,2,54.0,67.6,60.5,Yes,No,Not Placed
STU0635,Male,21,7.76,74.1,2.6,1,2,1,2,54.6,20.0,36.7,No,Yes,Placed
STU0416,Male,21,8.26,82.1,1.7,0,1,1,0,,70.1,55.9,Yes,No,Not Placed
STU0411,Male,21,7.66,66.9,4.1,3,2,3,4,64.5,53.9,44.2,Yes,No,Not Placed
STU0050,Male,21,6.74,86.6,1.3,2,0,1,0,100.0,85.9,11.7,Yes,No,Not Placed
STU0732,Female,22,6.34,76.3,2.2,0,0,2,1,61.9,54.0,68.2,No,No,Not Placed
STU0567,Male,21,6.53,57.4,2.8,2,0,1,0,71.8,64.5,33.1,No,Yes,Not Placed
STU0412,Female,21,7.84,97.7,3.8,0,3,2,0,82.4,77.8,75.8,Yes,No,Placed
STU0912,Male,20,,70.7,2.1,0,1,3,2,67.3,91.1,59.4,No,No,Placed
STU1166,Female,21,8.2,76.3,1.6,0,0,0,4,53.0,52.8,38.3,Yes,No,Placed
STU0372,Male,21,7.45,56.3,3.4,2,0,1,1,53.4,63.8,62.2,No,Yes,Not Placed
STU0817,Female,21,5.63,77.2,2.9,0,1,1,0,66.9,73.3,65.2,Yes,No,Not Placed
STU0694,Male,22,7.87,81.2,4.4,0,1,1,3,61.7,74.7,59.8,No,No,Not Placed
STU0599,Male,21,,80.8,3.0,0,0,0,3,73.8,95.9,73.0,No,Yes,Placed
STU0921,Female,20,8.14,80.2,1.5,0,2,1,1,54.4,73.8,42.1,Yes,No,Placed
STU0756,Female,20,8.5,73.8,3.5,0,0,1,2,70.8,52.9,27.1,No,No,Placed
STU0345,Male,22,7.0,81.0,4.4,0,3,2,0,47.3,51.6,71.9,No,Yes,Not Placed
STU0248,Female,22,8.17,76.9,0.7,3,0,3,1,81.7,78.0,97.9,Yes,Yes,Placed
STU0362,Female,20,8.21,74.5,1.0,0,1,1,0,59.2,52.0,61.7,Yes,No,Not Placed
STU1129,Male,21,8.21,72.6,4.8,3,0,2,2,64.5,77.1,55.3,No,No,Not Placed
STU0809,Male,22,8.56,78.9,2.9,2,1,4,2,78.0,46.0,65.6,No,Yes,Placed
STU0452,Male,22,8.28,77.3,0.7,0,0,3,0,64.5,34.2,73.2,Yes,No,Not Placed
STU0276,Male,20,7.88,76.5,2.6,0,0,4,2,78.5,54.8,32.7,No,No,Placed
STU0715,Male,22,6.79,71.0,3.7,0,2,0,1,86.8,51.0,62.5,No,No,Placed
STU1181,Female,20,8.27,85.9,2.3,0,3,3,0,67.6,78.2,67.0,No,No,Placed
STU0193,Female,22,6.54,,3.7,0,1,1,1,71.7,71.3,100.0,No,No,Not Placed
STU0169,Male,21,7.38,86.4,2.8,0,0,4,0,81.4,50.6,50.4,Yes,Yes,Placed
STU0197,Female,22,7.44,77.8,2.9,3,0,2,1,51.1,53.1,57.7,,No,Not Placed
STU0266,Female,21,6.92,93.8,3.0,0,1,0,4,99.2,79.2,77.5,Yes,Yes,Placed
STU1046,Female,21,7.48,76.7,4.8,0,1,1,0,42.5,84.3,85.8,No,Yes,Not Placed
STU0739,Male,22,8.18,84.0,3.1,0,1,1,0,38.7,56.1,66.1,Yes,Yes,Placed
STU0941,Male,21,6.31,70.0,5.0,1,0,1,2,61.5,48.0,62.6,Yes,No,Not Placed
STU0584,Male,20,6.87,,1.7,1,2,2,2,73.6,74.5,52.2,No,No,Not Placed
STU0887,Female,22,8.2,85.5,0.0,2,2,0,4,88.3,74.9,48.5,Yes,No,Placed
STU0629,Male,21,8.45,100.0,1.9,1,0,3,2,62.2,71.4,31.0,No,No,Not Placed
STU0716,Female,20,6.18,66.9,2.2,1,3,1,0,55.1,49.6,85.3,Yes,Yes,Placed
STU0746,Female,21,6.1,74.8,3.0,0,0,2,2,87.3,53.9,65.4,Yes,Yes,Not Placed
STU0718,Female,21,5.65,76.5,3.2,0,1,0,0,79.6,61.0,87.0,No,Yes,Not Placed
STU1027,Female,22,7.44,87.9,7.5,0,0,1,1,67.6,50.8,38.0,Yes,Yes,Not Placed
STU0876,Male,21,7.81,73.8,3.9,0,0,2,1,53.3,44.2,74.6,No,Yes,Placed
STU0434,Male,20,7.2,72.3,2.5,2,0,2,1,71.7,55.9,100.0,Yes,No,Placed
STU0766,Male,22,7.44,73.9,3.6,0,0,2,3,51.0,61.9,80.4,No,No,Not Placed
STU1015,Female,21,,73.6,2.2,1,2,2,2,65.3,60.7,56.8,Yes,No,Not Placed
STU1062,Female,22,6.77,96.7,2.7,0,0,4,0,86.2,80.3,54.3,No,No,Not Placed
STU0136,Male,22,6.49,82.0,2.7,1,0,1,0,69.4,55.2,45.3,No,No,Not Placed
STU0618,Male,21,7.34,83.2,3.0,2,1,2,1,68.7,79.7,50.5,No,Yes,Not Placed
STU0882,Female,22,7.89,75.7,3.4,0,1,2,0,45.4,65.4,72.0,Yes,Yes,Placed
STU0333,Male,20,7.12,76.3,5.1,0,0,4,2,67.4,94.8,16.0,No,No,Not Placed
STU0278,Female,20,7.77,77.1,1.6,0,2,2,1,70.7,61.1,40.1,Yes,No,Not Placed
STU0159,Male,21,7.33,63.5,2.6,0,2,3,0,22.9,50.0,48.5,No,Yes,Not Placed
STU0141,Female,22,6.74,83.3,1.4,0,1,2,0,71.5,89.2,73.5,No,No,Placed
STU0908,Male,22,6.76,94.1,3.9,0,1,0,1,,43.3,31.2,No,No,Not Placed
STU0725,Male,21,7.71,74.5,2.8,0,0,1,0,58.0,64.0,79.6,No,No,Not Placed
STU0320,Male,20,8.35,68.5,2.0,0,1,1,2,47.3,66.9,55.9,Yes,No,Placed
STU1179,Female,21,7.46,84.1,3.9,0,0,3,0,,58.0,68.1,Yes,No,Placed
STU1157,Male,22,6.32,74.3,4.0,0,1,1,0,47.9,73.2,70.6,No,Yes,Not Placed
STU1071,Male,21,5.92,68.9,3.8,0,0,1,1,66.4,75.7,52.0,No,Yes,Not Placed
STU0868,Male,20,6.93,81.4,2.6,0,3,2,2,77.0,70.3,62.3,Yes,Yes,Placed
STU0483,Male,22,7.86,91.7,1.3,0,1,1,2,54.6,40.8,49.3,Yes,Yes,Not Placed
STU0866,Male,20,6.42,84.2,5.1,0,0,4,3,48.5,100.0,51.9,Yes,No,Not Placed
STU0185,Male,22,7.59,87.8,1.6,0,0,1,2,79.1,73.9,46.6,No,No,Placed
STU0426,Male,22,6.71,,2.9,0,1,0,3,74.7,68.0,54.1,No,Yes,Not Placed
STU1162,Male,20,7.68,95.1,5.3,0,2,1,0,54.5,66.3,47.7,Yes,No,Placed
STU0260,Male,21,6.65,73.7,5.0,0,1,3,2,78.5,43.3,74.7,Yes,No,Placed
STU0812,Female,21,8.73,87.5,2.5,1,0,4,1,72.0,48.1,91.6,Yes,No,Placed
STU0164,Male,22,6.35,88.2,0.0,1,1,2,4,74.9,58.1,62.3,No,Yes,Not Placed
STU0421,Female,20,6.46,86.6,2.4,0,0,2,1,33.2,72.5,85.7,No,No,Placed
STU1183,Female,20,7.04,83.3,3.9,0,0,1,0,41.9,100.0,80.5,No,No,Not Placed
STU0157,Female,21,5.67,79.4,3.2,1,3,1,2,67.8,64.1,41.1,No,No,Not Placed
STU0712,Female,22,6.12,90.4,1.1,0,3,2,4,41.2,63.1,75.3,No,No,Placed
STU0423,Male,20,5.72,85.9,2.8,0,2,1,3,59.3,34.9,41.0,Yes,No,Placed
STU0846,Male,22,7.65,87.6,2.7,0,2,2,3,68.1,75.3,76.1,No,No,Not Placed
STU0200,Female,20,9.62,85.1,4.5,3,3,2,1,94.9,65.7,48.4,,Yes,Placed
STU0962,Female,22,8.47,69.6,1.5,1,2,1,2,70.4,78.0,86.5,No,Yes,Placed
STU0463,Female,20,7.96,82.0,2.3,1,2,3,2,65.2,81.8,23.5,Yes,Yes,Placed
STU0851,Male,21,7.48,81.1,2.4,0,1,4,1,76.0,79.1,61.6,Yes,No,Placed
STU0714,Male,20,7.72,100.0,3.4,1,0,1,0,83.3,50.4,41.5,No,Yes,Not Placed
STU0835,Male,20,7.01,79.0,0.9,0,0,4,1,41.9,43.4,75.5,No,No,Not Placed
STU0209,Male,22,8.3,62.6,4.3,0,2,2,1,47.7,81.0,64.5,No,No,Not Placed
STU0606,Male,20,5.49,93.9,3.2,0,0,2,0,70.1,43.6,96.0,Yes,No,Not Placed
STU0942,Male,20,7.68,98.3,0.2,0,1,3,4,77.2,44.8,49.9,No,No,Placed
STU0619,Female,21,7.35,79.5,5.0,0,2,4,1,63.4,70.8,85.0,Yes,No,Placed
STU0290,Female,21,7.96,83.5,1.2,0,0,2,1,69.4,57.3,69.6,Yes,Yes,Not Placed
STU0998,Male,21,8.49,76.9,2.8,1,0,1,1,84.1,35.7,50.2,No,No,Not Placed
STU0984,Male,22,7.43,74.8,2.4,0,0,1,1,76.4,60.8,17.5,Yes,No,Not Placed
STU1084,Female,22,8.49,71.9,3.2,0,2,4,0,62.2,56.6,51.7,No,No,Not Placed
STU0537,Female,22,5.83,71.5,1.3,0,2,2,0,61.8,54.6,60.4,Yes,Yes,Placed
STU0579,Male,21,7.5,70.7,5.4,0,3,0,1,70.3,63.8,12.0,Yes,Yes,Placed
STU0097,Male,21,7.44,99.4,3.8,0,1,0,4,83.8,69.0,66.3,No,No,Placed
STU1042,Female,21,7.4,74.3,1.8,0,2,2,2,74.8,72.5,54.8,Yes,No,Not Placed
STU0842,Female,20,6.97,65.4,4.7,0,2,1,2,57.0,46.0,54.5,No,No,Placed
STU0179,Female,22,5.5,71.6,3.3,0,2,2,0,50.8,94.7,79.7,No,Yes,Placed
STU0032,Male,22,8.83,75.0,0.6,2,1,3,2,64.6,74.0,63.2,Yes,Yes,Placed
STU0232,Male,22,6.6,71.5,3.6,0,0,2,2,76.0,73.7,73.2,Yes,No,Not Placed
STU0935,Male,22,7.36,64.5,1.6,0,1,4,2,77.9,75.9,87.0,Yes,Yes,Placed
STU0666,Male,20,7.23,81.3,2.1,0,0,4,2,82.0,55.6,73.6,No,Yes,Not Placed
STU0761,Male,21,7.37,86.6,4.2,0,0,2,0,63.2,81.0,80.0,No,No,Placed
STU1135,Female,21,8.27,73.5,2.3,0,0,2,0,63.5,40.0,73.2,No,No,Placed
STU0332,Female,21,6.88,83.4,3.2,1,0,2,0,66.4,37.0,35.9,No,No,Not Placed
STU0219,Female,20,,65.8,0.5,0,0,1,1,55.0,35.0,42.7,No,Yes,Placed
STU0915,Male,21,6.29,66.1,3.3,0,1,3,3,92.1,45.3,61.0,No,Yes,Placed
STU0089,Female,20,7.02,73.4,2.4,0,1,3,1,62.4,53.0,39.4,No,No,Not Placed
STU0623,Male,21,7.22,72.9,4.4,2,1,1,2,58.3,87.1,99.3,Yes,No,Placed
STU1040,Male,20,7.09,74.5,1.0,0,0,0,0,42.9,71.6,31.0,No,Yes,Not Placed
STU0364,Male,21,6.05,73.9,1.7,0,3,3,1,43.1,46.0,100.0,Yes,No,Placed
STU0873,Female,20,5.94,69.5,6.5,1,0,3,0,47.5,51.9,61.3,No,No,Not Placed
STU1054,Female,22,6.29,69.2,3.2,0,1,1,2,48.0,57.1,41.0,No,No,Placed
STU0324,Male,20,6.17,92.6,1.1,0,2,3,3,49.9,99.2,36.3,No,No,Placed
STU0709,Male,21,6.97,66.1,2.0,0,1,1,0,58.9,77.6,56.0,Yes,No,Placed
STU0794,Female,22,7.05,72.1,4.1,1,2,4,1,45.4,82.7,35.8,No,No,Placed
STU0589,Male,20,7.77,100.0,2.4,0,1,3,1,71.8,97.7,60.8,No,No,Not Placed
STU0244,Male,20,7.44,99.6,2.5,0,0,4,2,53.8,75.6,76.2,Yes,Yes,Not Placed
STU0462,Female,21,7.9,80.0,3.5,0,0,1,1,78.3,76.4,64.5,Yes,No,Not Placed
STU0356,Female,21,6.2,80.7,4.4,0,2,3,2,44.9,44.8,87.5,No,No,Not Placed
STU0363,Male,22,6.8,60.1,1.3,3,0,1,1,,42.0,78.1,Yes,Yes,Not Placed
STU0983,Male,22,4.78,65.8,4.5,0,2,1,0,85.7,35.9,62.1,Yes,Yes,Not Placed
STU0534,Male,20,5.93,77.6,2.6,0,2,2,0,58.8,66.1,47.4,No,Yes,Not Placed
STU0011,Male,21,7.1,82.4,1.9,3,0,4,3,45.0,74.8,51.8,No,No,Not Placed
STU0585,Female,21,6.03,99.9,3.3,0,1,3,2,49.9,97.4,50.6,Yes,Yes,Not Placed
STU0707,Male,21,8.3,70.8,2.0,0,0,2,1,67.8,72.2,38.5,Yes,No,Placed
STU0241,Female,21,6.5,84.1,6.0,0,2,3,3,50.9,65.3,82.7,Yes,Yes,Placed
STU0060,Male,21,6.54,75.7,6.2,2,0,2,0,55.3,78.4,66.8,Yes,No,Not Placed
STU0840,Female,20,8.73,96.2,4.3,0,1,2,3,74.2,68.4,85.0,No,Yes,Placed
STU0064,Male,20,7.2,84.5,1.3,0,0,0,0,66.7,61.2,20.9,No,Yes,Not Placed
STU0724,Female,21,6.69,90.8,4.9,0,1,2,1,76.4,62.5,39.2,No,No,Placed
STU0711,Female,22,6.24,86.2,1.1,0,0,3,2,84.3,86.4,50.2,Yes,No,Not Placed
STU0721,Female,22,8.82,64.7,4.9,0,0,3,1,,52.2,75.2,Yes,No,Placed
STU0353,Female,21,8.07,77.6,4.3,0,3,2,0,81.5,86.9,90.0,Yes,Yes,Not Placed
STU0678,Male,20,6.84,76.6,3.8,2,0,2,0,69.5,71.9,47.3,No,No,Not Placed
STU0507,Female,22,4.65,79.7,1.1,0,2,1,4,58.9,61.4,79.4,No,Yes,Not Placed
STU1078,Female,20,7.76,77.4,0.6,2,1,4,2,54.5,68.6,56.0,No,No,Not Placed
STU0410,Male,21,7.97,61.7,2.8,1,1,4,1,49.4,81.9,42.3,No,Yes,Placed
STU0877,Female,22,7.34,78.7,2.0,0,1,3,1,59.0,84.6,45.9,No,Yes,Placed
STU1184,Female,20,6.76,81.7,2.1,0,0,2,3,66.4,61.4,44.9,Yes,Yes,Not Placed
STU0672,Female,20,9.57,74.5,0.9,2,1,2,1,44.8,52.4,94.1,Yes,No,Not Placed
STU1150,Female,20,8.84,92.1,4.2,0,0,1,2,76.2,87.0,65.0,No,Yes,Not Placed
STU0771,Male,20,6.19,80.0,3.9,2,2,3,0,59.0,65.4,84.6,Yes,Yes,Not Placed
STU1138,Male,20,7.06,96.6,1.8,1,2,3,4,61.7,60.7,53.6,Yes,No,Not Placed
STU0291,Male,21,8.86,96.3,2.9,3,3,3,1,70.3,88.5,39.2,No,Yes,Placed
STU0448,Female,21,7.08,79.8,2.9,1,1,0,1,56.4,62.0,98.8,Yes,Yes,Not Placed
STU0466,Male,22,8.43,77.6,2.1,0,1,2,1,77.7,53.9,59.8,Yes,No,Placed
STU0381,Male,20,5.9,97.0,2.8,0,0,3,0,64.1,72.5,43.9,Yes,No,Not Placed
STU0377,Female,21,7.19,78.3,5.6,0,0,4,2,73.6,66.2,58.4,No,No,Placed
STU0322,Female,22,6.78,69.7,1.9,0,1,1,1,56.3,62.4,53.8,No,No,Not Placed
STU0084,Male,21,7.64,68.2,5.1,1,0,2,3,68.6,65.4,53.7,No,No,Placed
STU0130,Male,20,8.32,78.3,2.1,0,1,3,1,34.5,65.5,37.0,No,No,Placed
STU0849,Male,21,6.42,71.7,4.5,2,0,2,2,65.1,46.1,47.5,Yes,No,Not Placed
STU0632,Female,22,6.12,84.7,4.7,0,1,1,4,49.3,53.9,84.5,No,No,Placed
STU0923,Female,22,6.6,79.4,3.0,0,0,2,3,68.4,44.7,51.3,Yes,No,Not Placed
STU0454,Female,21,7.5,57.9,0.6,1,3,2,2,57.3,91.9,81.8,Yes,No,Placed
STU0261,Female,20,6.56,58.1,4.6,0,0,2,0,58.8,56.2,53.3,No,Yes,Not Placed
STU0549,Male,22,8.15,83.5,4.6,0,1,2,1,73.9,76.7,66.4,,Yes,Placed
STU0561,Female,22,7.8,87.7,4.6,0,1,1,0,63.4,48.9,69.4,Yes,No,Not Placed
STU0901,Male,22,7.91,83.8,3.9,0,0,2,0,56.3,65.2,25.7,No,Yes,Placed
STU0965,Male,20,8.18,94.6,6.2,0,1,2,1,53.6,82.1,55.9,No,No,Not Placed
STU0139,Male,21,6.84,68.3,2.1,0,1,4,0,43.7,64.1,69.1,No,Yes,Placed
STU0948,Female,22,7.58,63.3,4.5,0,3,3,2,65.7,47.9,63.0,No,Yes,Placed
STU0142,Male,21,7.9,85.3,6.2,1,0,2,1,53.9,87.3,74.1,No,No,Placed
STU0945,Male,21,7.3,80.8,2.4,0,0,3,1,66.8,86.9,49.5,No,No,Not Placed
STU0406,Female,20,6.72,91.2,4.4,1,2,0,2,50.0,58.0,59.4,No,No,Not Placed
STU1049,Female,21,7.12,67.5,3.1,0,1,4,1,73.9,65.0,65.6,Yes,Yes,Placed
STU0140,Female,21,7.67,91.5,5.1,0,0,1,2,86.8,68.2,99.3,No,No,Not Placed
STU0378,Male,22,7.55,78.3,0.0,0,0,3,1,72.8,69.3,89.0,Yes,Yes,Placed
STU0860,Male,20,8.36,75.5,5.4,0,1,4,2,56.9,54.7,52.2,No,No,Not Placed
STU0225,Male,21,6.8,58.4,2.7,0,3,0,1,32.9,39.6,62.3,No,No,Placed
STU0472,Female,22,7.17,82.4,0.4,0,2,4,1,58.4,53.5,67.5,Yes,No,Placed
STU0275,Male,20,7.39,76.2,1.9,3,1,1,1,45.6,50.7,46.8,No,Yes,Placed
STU0293,Female,20,6.35,77.0,1.5,0,0,3,2,45.0,71.3,37.5,Yes,Yes,Placed
STU0568,Male,20,6.48,,2.6,1,2,2,0,87.1,48.3,61.0,Yes,Yes,Not Placed
STU0592,Female,20,5.55,94.9,1.7,2,2,1,0,39.1,77.0,62.2,No,Yes,Placed
STU0382,Female,21,6.44,71.3,1.8,0,2,3,2,56.4,54.1,53.1,No,Yes,Placed
STU1115,Female,20,8.07,91.5,5.4,0,1,1,1,85.4,54.2,46.1,No,Yes,Placed
STU0637,Male,21,7.77,78.3,2.2,2,1,3,0,80.1,67.2,90.2,Yes,Yes,Placed
STU0974,Male,21,6.37,80.3,3.0,0,0,2,1,58.9,80.0,83.2,Yes,Yes,Placed
STU0772,Female,21,,77.7,2.4,0,1,3,2,70.5,53.7,73.3,Yes,No,Not Placed
STU0803,Male,20,6.94,65.1,2.5,0,0,1,2,20.0,64.0,68.2,Yes,No,Not Placed
STU0595,Female,21,6.22,68.8,2.3,0,1,2,1,50.6,69.6,78.5,No,No,Not Placed
STU0309,Female,21,6.33,95.1,2.8,0,0,1,1,69.6,52.1,74.8,No,No,Placed
STU0482,Female,22,6.5,97.3,1.8,1,0,3,1,77.6,100.0,36.0,Yes,No,Placed
STU0610,Female,20,6.09,88.0,2.3,0,0,3,1,50.8,80.5,50.7,No,No,Not Placed
STU0859,Male,21,8.61,77.1,3.4,3,0,2,3,52.4,68.8,51.5,No,No,Not Placed
STU0655,Male,22,7.29,64.8,3.9,0,1,0,4,68.3,55.6,63.2,Yes,Yes,Placed
STU0862,Male,20,6.32,74.1,1.7,0,1,1,1,79.7,64.0,100.0,Yes,No,Not Placed
STU0562,Male,21,7.81,90.1,1.8,1,1,2,1,72.6,75.9,48.9,No,Yes,Placed
STU0040,Male,20,6.27,90.5,2.0,0,0,3,0,82.7,65.3,59.3,No,Yes,Not Placed
STU0031,Female,21,7.54,68.2,2.9,0,1,1,2,63.1,73.2,70.8,No,No,Not Placed
STU0243,Female,22,6.4,83.4,1.2,0,0,0,1,60.8,68.3,44.0,Yes,Yes,Not Placed
STU0535,Female,21,5.63,100.0,5.0,0,0,3,2,90.8,100.0,66.2,,Yes,Not Placed
STU0137,Male,21,8.28,87.0,2.0,0,2,1,0,86.3,51.6,89.7,No,No,Placed
STU1003,Female,20,7.03,76.2,3.3,0,0,3,2,47.4,64.7,68.5,Yes,No,Not Placed
STU0433,Female,22,8.51,,0.0,0,0,1,4,45.7,73.3,63.1,No,Yes,Not Placed
STU0004,Female,22,6.18,83.3,3.5,0,0,0,0,71.3,79.5,60.9,Yes,No,Placed
STU0491,Male,20,7.14,76.2,4.3,1,0,3,0,72.8,67.7,54.1,No,Yes,Not Placed
STU0622,Male,20,6.68,84.3,2.5,0,0,2,1,65.9,68.0,81.8,No,Yes,Not Placed
STU1048,Male,21,8.2,88.6,2.5,0,0,4,3,91.0,76.5,77.8,No,No,Placed
STU0414,Male,21,6.67,72.2,5.0,3,1,2,0,57.7,60.3,48.4,No,No,Not Placed
STU1177,Female,21,6.39,86.3,3.1,0,1,3,1,43.7,48.4,53.3,No,Yes,Not Placed
STU0762,Male,21,8.39,88.3,2.1,3,0,1,0,70.3,74.1,58.8,No,Yes,Not Placed
STU0486,Female,20,6.6,,4.9,0,0,1,1,62.8,68.3,56.0,Yes,Yes,Placed
STU0315,Female,20,7.06,80.7,4.2,0,0,2,3,78.0,70.7,79.9,Yes,No,Placed
STU0528,Male,20,5.97,94.4,3.7,0,1,4,3,68.9,83.7,44.7,No,Yes,Not Placed
STU0395,Male,21,7.08,,3.6,0,1,3,2,70.7,46.8,61.3,,Yes,Not Placed
STU1066,Female,22,7.74,85.3,4.6,0,1,2,3,50.2,68.0,59.9,Yes,Yes,Placed
STU0006,Male,21,6.28,76.2,3.1,1,0,1,2,68.4,78.2,60.6,No,Yes,Not Placed
STU0101,Male,22,6.13,74.0,1.2,2,0,2,0,91.3,80.0,46.0,Yes,No,Not Placed
STU0658,Male,20,6.67,85.8,5.9,0,0,3,0,43.9,63.5,69.0,No,No,Not Placed
STU0524,Female,20,6.82,88.2,2.6,0,0,4,0,,65.4,35.7,Yes,No,Not Placed
STU0498,Male,21,7.26,100.0,1.8,1,0,4,3,61.9,42.5,98.2,Yes,No,Placed
STU0830,Male,20,8.11,81.9,1.6,0,0,2,1,61.8,48.0,97.7,No,No,Placed
STU0329,Male,20,6.21,71.6,5.3,0,1,2,0,85.7,92.5,63.6,Yes,Yes,Not Placed
STU0431,Male,21,6.78,62.8,2.9,0,0,1,3,25.4,83.2,47.1,Yes,No,Placed
STU0975,Male,20,6.9,77.9,2.6,1,1,2,2,97.9,72.8,48.8,Yes,Yes,Placed
STU0228,Male,21,5.34,,3.1,1,3,1,0,62.9,64.0,86.5,No,No,Not Placed
STU0661,Male,20,8.44,91.0,0.8,1,1,3,1,85.5,59.6,85.0,Yes,No,Not Placed
STU0542,Female,21,5.03,67.3,3.6,0,3,2,2,45.0,71.8,71.1,Yes,No,Placed
STU0753,Female,22,7.61,66.0,3.2,0,0,1,1,64.0,66.0,52.4,No,Yes,Not Placed
STU1004,Female,21,,82.9,2.4,1,0,2,1,60.3,54.2,77.3,Yes,No,Not Placed
STU0067,Male,21,8.38,74.7,4.4,1,1,0,2,44.2,70.2,36.4,Yes,No,Placed
STU0068,Female,21,6.69,92.0,6.3,0,0,1,2,63.3,80.8,78.9,No,Yes,Placed
STU1090,Male,21,7.26,75.7,0.1,0,3,2,1,100.0,60.0,64.1,No,No,Not Placed
STU0212,Female,22,7.9,84.5,4.1,0,2,4,3,83.0,55.2,60.7,Yes,Yes,Placed
STU0013,Female,21,8.0,68.3,3.7,0,0,2,2,56.6,68.6,74.7,Yes,No,Not Placed
STU0523,Female,20,6.53,90.4,3.7,0,0,3,0,83.0,53.9,75.0,Yes,No,Placed
STU0667,Male,20,7.39,74.1,5.6,0,0,4,1,,54.4,47.4,Yes,Yes,Not Placed
STU0300,Male,22,6.58,77.9,1.3,0,2,1,1,59.5,55.8,62.4,No,Yes,Not Placed
STU0443,Male,21,7.06,77.1,4.5,0,1,4,2,53.3,78.7,54.7,No,No,Not Placed
STU0778,Female,22,8.94,79.4,2.1,0,1,3,3,35.1,58.1,53.6,No,No,Placed
STU1089,Female,21,6.72,75.3,2.0,0,1,1,3,59.2,87.1,60.7,Yes,No,Placed
STU0550,Female,21,6.55,92.9,4.8,0,0,4,2,66.3,62.8,36.4,Yes,No,Placed
STU0987,Female,22,9.03,69.4,5.3,1,3,1,0,54.6,83.2,46.1,No,No,Placed
STU1152,Female,20,7.63,72.8,1.5,3,1,4,1,62.4,71.8,96.4,No,Yes,Not Placed
STU0368,Female,22,7.42,73.4,3.5,0,2,3,2,55.5,70.9,57.8,No,Yes,Placed
STU0738,Female,20,7.13,80.1,4.5,0,0,1,0,62.8,84.0,72.3,No,No,Not Placed
STU0631,Female,20,7.41,81.9,1.7,0,1,1,0,59.4,50.4,47.9,Yes,Yes,Not Placed
STU1134,Male,20,6.61,96.2,1.2,0,0,3,4,56.8,81.0,58.0,No,No,Not Placed
STU0586,Male,22,8.62,72.2,3.1,0,2,2,1,90.9,50.6,66.8,Yes,No,Not Placed
STU1094,Male,22,6.94,73.5,3.4,0,0,1,0,73.2,62.0,39.0,Yes,No,Not Placed
STU0274,Female,22,5.64,73.2,3.9,3,2,2,2,83.0,54.4,65.0,Yes,No,Not Placed
STU0552,Female,21,8.59,93.7,4.2,0,2,2,0,85.5,80.5,68.6,No,Yes,Not Placed
STU0238,Male,20,9.66,84.6,0.5,2,2,3,0,64.5,66.7,22.2,No,Yes,Placed
STU1000,Male,22,6.93,69.4,2.4,1,0,2,3,87.3,30.2,76.7,No,Yes,Not Placed
STU0003,Female,20,7.29,76.2,0.0,0,1,3,0,84.4,83.6,75.5,No,Yes,Not Placed
STU0007,Male,22,7.42,60.8,2.2,1,2,1,1,86.4,95.0,46.9,No,No,Placed
STU0312,Male,21,7.05,68.2,2.5,0,1,2,1,50.0,51.4,74.0,No,No,Not Placed
STU1043,Male,21,7.69,92.0,5.0,1,0,1,0,72.9,63.0,62.5,Yes,No,Placed
STU0598,Male,21,7.73,86.8,2.0,1,2,1,3,52.9,93.5,51.5,Yes,Yes,Placed
STU1165,Male,20,5.63,88.5,2.5,0,0,2,4,60.4,61.4,75.5,No,No,Not Placed
STU0630,Male,21,8.26,85.3,2.0,0,1,0,2,54.2,48.8,82.8,No,No,Not Placed
STU0216,Male,22,5.04,77.0,3.8,1,1,4,0,61.6,45.2,54.7,Yes,Yes,Not Placed
STU0399,Female,20,8.96,84.8,3.9,0,3,4,3,82.7,84.1,55.6,No,No,Placed
STU0028,Male,21,9.6,88.1,5.6,2,0,1,2,79.6,50.3,58.5,No,No,Placed
STU1172,Female,22,7.92,77.5,4.0,0,1,0,2,68.5,51.7,66.3,No,No,Placed
STU0391,Female,21,7.57,75.3,1.5,0,0,2,1,78.9,67.9,70.8,No,No,Placed
STU1047,Male,20,8.88,82.8,2.7,3,1,4,0,66.7,73.0,81.0,No,Yes,Placed
STU0802,Male,21,6.75,,2.9,0,3,1,0,100.0,48.9,68.7,No,No,Not Placed
STU1035,Male,22,8.17,78.7,0.6,0,1,4,1,77.4,58.2,59.7,No,No,Placed
STU0487,Male,21,7.06,72.4,4.1,1,1,1,4,61.4,55.9,89.1,Yes,No,Placed
STU0755,Male,21,6.56,92.0,1.4,2,3,3,2,,39.9,49.2,Yes,No,Not Placed
STU0553,Male,22,6.99,74.8,2.7,0,0,3,1,73.7,84.7,65.3,No,No,Not Placed
STU0355,Male,22,7.05,73.7,3.3,0,0,2,1,63.1,60.4,31.7,Yes,No,Placed
STU1064,Male,21,6.82,94.0,0.5,2,2,4,2,58.0,94.4,62.6,No,No,Placed
STU0430,Male,20,7.75,89.2,3.1,1,0,4,0,75.6,78.3,88.7,Yes,Yes,Placed
STU0257,Female,20,8.03,81.8,2.9,1,1,0,0,79.5,62.9,40.7,No,Yes,Not Placed
STU0292,Male,20,6.53,75.0,0.0,2,3,1,2,54.3,76.2,47.8,Yes,No,Not Placed
STU0026,Female,20,6.8,86.8,2.6,0,0,2,0,86.4,68.1,60.5,Yes,Yes,Placed
STU0337,Female,21,5.81,80.8,0.4,2,1,3,3,44.8,49.6,64.2,Yes,No,Not Placed
STU0717,Female,22,8.51,85.0,2.3,0,0,3,4,89.8,68.3,78.0,Yes,Yes,Placed
STU0048,Male,20,7.74,100.0,5.8,0,3,1,2,70.6,70.0,51.7,Yes,No,Placed
STU0319,Male,20,5.73,84.4,1.9,0,0,1,1,49.8,35.9,42.1,No,No,Placed
STU0107,Male,21,6.48,73.5,2.5,0,1,4,0,70.5,73.1,67.3,,No,Placed
STU0977,Female,21,7.59,79.9,0.9,0,2,0,2,60.2,80.3,59.5,Yes,No,Placed
STU0056,Female,20,7.66,82.9,4.5,0,0,2,0,51.9,90.9,53.3,Yes,Yes,Placed
STU0889,Male,20,9.13,78.0,2.2,0,1,1,0,71.0,70.7,71.5,No,Yes,Placed
STU0214,Male,21,7.23,78.5,3.3,0,0,3,4,82.5,56.6,95.3,Yes,Yes,Placed
STU0121,Female,21,7.69,94.3,3.8,0,0,1,1,68.5,71.5,78.0,No,No,Placed
STU0582,Female,22,8.47,89.6,3.7,0,2,0,1,58.2,83.8,35.0,No,Yes,Not Placed
STU0527,Male,22,8.17,87.5,2.9,0,2,3,2,41.4,33.2,37.4,Yes,No,Not Placed
STU0870,Female,21,8.1,92.3,3.6,0,0,2,1,80.2,78.1,47.9,No,Yes,Not Placed
STU0073,Male,21,8.27,85.2,1.6,0,1,4,2,36.6,58.7,59.3,No,No,Placed
STU1024,Female,20,8.07,71.0,4.5,0,1,4,4,58.1,97.5,38.4,No,Yes,Not Placed
STU0768,Female,22,8.45,65.3,6.0,0,3,1,0,45.8,44.4,50.3,Yes,No,Not Placed
STU1132,Male,22,8.64,84.9,2.6,2,1,2,0,51.0,69.8,75.4,No,No,Placed
STU0412,Female,21,7.84,97.7,3.8,0,3,2,0,82.4,77.8,75.8,Yes,No,Placed
STU0919,Female,22,5.27,69.8,2.0,1,0,1,1,74.4,89.4,76.4,No,No,Placed
STU0807,Female,21,6.0,93.4,0.7,1,1,1,3,73.5,69.3,49.4,Yes,No,Not Placed
STU0571,Male,22,6.57,79.1,1.6,0,1,2,0,78.0,60.4,56.6,No,No,Not Placed
STU0784,Male,20,5.84,80.5,4.5,2,1,2,0,62.0,76.3,36.9,Yes,No,Not Placed
STU0520,Male,21,7.53,83.3,0.1,0,1,2,2,96.4,59.0,50.2,No,No,Not Placed
STU1106,Male,22,6.66,79.0,3.3,1,1,2,1,58.3,57.9,20.8,Yes,Yes,Not Placed
STU0326,Female,22,6.77,76.6,2.9,2,2,3,2,74.8,63.8,73.3,Yes,Yes,Not Placed
STU0530,Female,21,6.51,62.6,3.6,0,1,1,0,82.3,59.3,43.3,Yes,No,Not Placed
STU0951,Female,22,7.3,77.7,3.1,1,1,0,4,61.0,69.8,74.1,No,No,Not Placed
STU0317,Male,20,8.2,92.8,2.4,0,0,0,1,85.2,74.9,61.9,Yes,No,Not Placed
STU0959,Male,21,7.3,78.8,2.9,0,1,0,1,52.5,67.5,81.2,,Yes,Placed
STU0991,Female,20,8.32,73.4,4.6,0,1,3,4,63.9,53.7,68.1,No,No,Not Placed
STU0546,Male,20,7.16,69.2,2.8,0,2,2,3,65.7,80.0,86.3,No,No,Not Placed
STU0978,Male,20,6.47,83.0,4.9,0,1,2,3,73.1,69.5,48.3,No,Yes,Placed
STU1038,Female,21,7.68,78.7,3.8,0,1,1,0,86.9,82.4,30.0,No,Yes,Placed
STU0459,Male,21,6.62,96.2,3.3,0,0,2,3,78.2,65.2,84.4,Yes,No,Placed
STU1170,Male,21,7.44,83.6,1.8,0,1,0,1,54.5,56.6,55.5,No,Yes,Not Placed
STU0061,Male,20,7.28,83.8,5.4,0,0,2,2,92.9,69.3,48.6,No,No,Placed
STU0744,Male,20,7.69,68.3,6.2,0,1,2,3,38.3,47.3,33.1,No,No,Not Placed
STU0093,Female,20,7.37,95.9,1.6,1,1,1,0,59.5,67.4,59.1,Yes,Yes,Not Placed
STU0954,Female,22,7.74,75.9,4.2,0,0,1,2,77.5,35.7,52.3,No,No,Not Placed
STU0424,Male,21,5.73,76.0,2.0,0,1,0,0,62.3,49.1,68.9,Yes,No,Not Placed
STU0352,Female,20,7.64,89.3,0.3,0,2,1,0,93.0,92.6,56.6,No,No,Placed
STU1108,Female,21,7.78,51.0,3.0,1,0,2,0,92.8,60.7,60.0,No,No,Not Placed
STU0281,Female,22,5.67,80.1,1.9,0,2,3,3,58.4,73.8,56.1,Yes,Yes,Not Placed
STU0102,Female,21,,68.9,2.8,0,0,3,2,56.3,71.0,100.0,Yes,No,Not Placed
STU0429,Male,22,7.23,96.2,1.9,1,2,2,3,76.6,61.2,67.3,Yes,No,Placed
STU0360,Male,20,8.01,86.6,2.9,2,2,1,2,64.0,59.1,46.0,No,No,Not Placed
STU0705,Male,22,6.27,81.1,4.3,2,1,1,2,86.8,75.6,63.9,No,Yes,Not Placed
STU0574,Female,20,7.25,75.1,0.9,0,0,4,1,82.7,57.1,45.2,Yes,Yes,Placed
STU0856,Male,21,6.76,68.4,2.3,0,1,2,0,56.9,64.2,57.6,,Yes,Not Placed
STU0544,Female,21,7.21,79.8,5.2,1,0,1,4,77.4,59.3,25.3,No,Yes,Not Placed
STU1192,Female,21,6.99,83.5,4.5,0,1,0,1,98.9,57.1,57.6,Yes,No,Not Placed
STU0747,Male,20,8.15,91.4,3.1,3,3,2,0,48.3,91.0,52.5,No,No,Placed
STU0183,Female,22,8.15,79.4,4.7,0,2,3,1,52.3,73.5,40.5,No,No,Placed
STU0696,Female,21,7.58,81.3,3.3,0,0,2,0,66.2,70.0,53.0,No,Yes,Placed
STU0465,Female,22,7.41,86.3,3.2,0,1,1,1,58.0,57.2,79.7,Yes,No,Placed
STU0111,Male,22,8.83,92.0,3.1,0,0,1,0,47.1,52.2,45.5,No,Yes,Placed
STU0371,Male,22,6.87,86.7,2.4,0,1,3,2,75.7,82.6,100.0,No,Yes,Placed
STU0240,Male,20,7.04,57.6,4.4,2,2,4,3,84.1,72.2,79.7,Yes,No,Placed
STU1058,Male,21,7.06,76.6,2.9,0,1,0,2,71.5,64.2,54.5,No,Yes,Placed
STU0650,Male,20,5.79,74.4,3.6,2,2,1,2,79.6,52.3,37.1,No,No,Not Placed
STU0895,Female,22,7.68,66.6,2.3,0,0,3,2,86.9,43.9,43.8,No,No,Placed
STU0205,Female,22,8.0,81.5,2.8,0,0,2,3,66.1,46.3,55.3,No,No,Placed
STU0932,Female,21,7.21,80.2,0.8,0,0,2,4,88.7,54.6,43.5,Yes,No,Placed
STU0262,Female,22,7.51,91.4,2.2,1,2,4,2,56.8,69.9,37.5,No,No,Placed
STU0514,Female,22,6.91,63.7,0.2,1,2,3,3,54.6,53.9,64.5,No,No,Not Placed
STU0814,Female,21,5.7,82.0,2.2,0,1,4,1,67.2,81.9,19.9,No,No,Not Placed
STU0340,Male,21,5.36,79.2,4.1,0,0,2,2,58.7,35.5,58.7,Yes,No,Not Placed
STU0701,Male,21,7.82,68.9,4.5,1,2,1,0,40.1,68.0,77.5,Yes,Yes,Placed
STU0839,Female,20,6.42,85.3,2.5,3,2,1,0,64.7,67.5,59.3,Yes,No,Not Placed
STU1080,Female,22,7.68,79.5,6.1,2,1,3,0,42.9,45.0,68.1,Yes,No,Not Placed
STU0184,Female,21,6.42,61.5,2.9,2,1,2,0,63.3,65.8,70.0,No,No,Not Placed
STU0138,Female,21,6.19,65.4,1.4,0,0,2,1,54.5,55.7,46.4,Yes,No,Not Placed
STU1175,Female,20,7.05,68.3,3.8,1,2,3,0,75.4,45.8,58.1,Yes,No,Placed
STU0728,Female,20,7.91,82.8,5.3,0,0,4,1,61.7,40.8,62.7,No,No,Not Placed
STU0653,Female,20,7.42,92.4,2.5,0,3,3,3,80.0,57.2,87.8,No,Yes,Placed
STU0081,Female,20,7.95,93.5,3.3,1,0,2,0,60.8,52.9,64.7,No,No,Not Placed
STU0529,Male,22,8.59,75.4,3.2,0,1,4,2,67.8,43.0,43.0,No,Yes,Placed
STU0815,Female,22,6.45,86.5,0.2,1,2,4,1,83.0,65.8,62.2,Yes,No,Not Placed
STU0850,Female,21,7.07,73.6,4.9,1,1,2,0,61.7,70.7,44.6,Yes,Yes,Placed
STU0030,Male,21,7.34,81.4,3.6,0,2,2,2,64.6,93.2,56.6,Yes,Yes,Placed
STU0953,Male,20,5.92,65.9,4.3,1,2,2,3,31.4,42.2,54.6,No,No,Placed
STU0166,Female,21,7.58,81.7,3.7,2,0,1,2,74.0,58.9,73.0,No,Yes,Not Placed
STU0249,Female,21,6.84,81.6,3.2,0,1,4,2,53.9,58.5,73.3,No,Yes,Placed
STU0308,Male,22,6.11,79.1,4.0,0,0,1,0,70.6,50.1,80.5,Yes,No,Not Placed
STU0880,Male,22,6.64,87.8,3.6,1,0,3,3,62.8,51.8,52.9,No,No,Placed
STU0934,Male,21,7.96,74.4,2.3,0,0,2,1,70.0,38.5,42.1,Yes,Yes,Placed
STU0347,Female,21,6.24,83.4,4.6,2,3,4,0,90.9,80.6,56.3,No,Yes,Placed
STU0335,Male,22,7.42,74.1,2.4,0,0,0,0,58.6,64.9,57.2,No,No,Not Placed
STU0286,Male,21,7.86,94.3,3.4,2,2,3,3,58.8,89.6,48.8,Yes,No,Placed
STU0979,Male,21,6.77,82.5,6.3,0,0,4,1,72.1,69.0,47.0,No,No,Not Placed
STU0098,Male,21,7.16,66.0,1.0,2,2,2,0,47.2,45.7,37.8,Yes,Yes,Not Placed
STU0558,Male,20,7.43,,1.0,0,0,0,2,35.3,64.9,81.6,No,No,Not Placed
STU1051,Female,21,6.31,66.0,2.2,0,1,1,4,49.2,46.7,45.5,No,Yes,Placed
STU0940,Male,21,7.52,75.2,3.5,0,0,1,1,48.0,70.1,53.4,No,No,Not Placed
STU0621,Male,21,7.69,91.0,5.1,0,0,3,1,62.0,68.0,64.8,No,Yes,Placed
STU0702,Male,21,4.9,97.7,5.3,2,1,1,1,77.9,59.8,68.0,No,No,Placed
STU1076,Male,21,7.83,66.2,3.0,0,2,3,1,83.5,72.2,67.6,No,Yes,Placed
STU0863,Male,20,7.52,76.2,3.3,0,3,3,2,53.4,62.0,80.0,No,No,Placed
STU0779,Female,20,7.26,88.5,4.0,1,2,1,1,73.9,60.9,70.9,No,Yes,Placed
STU1073,Male,20,6.46,,3.3,0,3,0,1,69.1,65.0,88.7,No,No,Placed
STU0066,Male,22,7.65,70.0,3.0,0,0,1,3,61.0,52.4,95.8,Yes,No,Placed
STU1118,Female,22,8.78,74.4,3.1,0,1,3,2,71.1,64.3,49.3,Yes,Yes,Placed
STU0765,Male,22,6.99,76.0,2.2,0,1,1,3,71.4,87.3,51.6,Yes,Yes,Not Placed
STU0997,Female,22,6.98,72.8,3.8,0,1,1,2,59.6,76.9,59.1,Yes,No,Not Placed
STU1098,Male,22,7.31,95.1,0.0,0,3,1,1,61.6,79.0,95.0,No,No,Placed
STU1113,Male,21,,74.6,1.8,0,2,0,1,62.4,39.2,56.2,No,Yes,Placed
STU0303,Male,20,8.63,100.0,3.4,2,0,2,4,91.4,40.9,76.5,Yes,No,Not Placed
STU0255,Male,20,7.89,82.7,1.7,0,3,2,0,74.3,50.0,84.5,No,No,Placed
STU0988,Male,20,8.06,72.1,3.5,1,1,2,1,45.9,55.2,81.8,No,No,Placed
STU0960,Female,21,7.6,87.4,1.7,0,0,1,0,54.9,59.1,61.2,Yes,No,Not Placed
STU0313,Male,21,5.93,93.5,2.2,2,0,2,1,25.2,67.8,41.9,No,No,Not Placed
STU0554,Male,21,7.37,100.0,3.2,3,2,2,0,68.0,33.1,51.7,No,Yes,Not Placed
STU0222,Male,20,7.3,90.3,0.6,0,3,1,1,48.3,73.1,18.9,No,No,Not Placed
STU0478,Male,22,6.27,82.5,3.9,0,1,1,3,70.7,76.3,55.8,No,No,Placed
STU0389,Female,20,8.27,76.9,3.1,1,3,4,0,62.0,47.9,76.9,No,No,Placed
STU0236,Female,21,6.68,67.0,3.0,1,1,3,3,99.9,94.9,57.1,Yes,Yes,Not Placed
STU0833,Male,21,7.79,87.6,2.0,0,2,2,1,62.7,75.5,56.3,,Yes,Placed
STU1088,Male,21,7.64,100.0,0.3,0,1,4,1,82.9,48.2,59.8,Yes,Yes,Not Placed
STU0760,Female,22,6.3,97.8,2.0,1,3,2,3,46.6,73.8,60.1,No,Yes,Not Placed
STU0306,Female,20,8.53,62.4,2.0,0,2,3,3,59.4,41.5,34.9,Yes,No,Placed
STU1125,Female,21,7.01,78.8,3.7,0,0,1,0,95.1,71.2,82.5,No,No,Placed
STU0573,Male,21,7.68,78.2,5.2,0,1,2,0,95.0,64.7,45.5,No,Yes,Placed
STU0964,Male,20,5.1,65.1,2.6,0,1,0,0,88.7,92.6,59.3,Yes,No,Not Placed
STU0944,Female,22,7.87,77.1,4.3,0,0,3,0,78.5,62.4,71.0,No,Yes,Not Placed
STU1153,Female,22,7.67,95.2,3.4,1,3,2,0,63.8,91.5,54.0,No,Yes,Placed
STU0250,Female,21,6.61,80.5,5.9,0,3,3,1,67.1,58.1,75.2,Yes,Yes,Placed
STU0781,Female,22,6.3,85.8,4.2,0,1,1,3,57.1,68.6,67.3,Yes,No,Not Placed
STU0614,Male,21,7.5,68.5,0.9,0,0,3,2,68.5,67.5,61.4,No,Yes,Not Placed
STU0072,Male,20,8.43,84.7,4.7,0,1,1,2,62.8,76.3,71.8,Yes,Yes,Not Placed
STU0095,Female,20,7.67,79.6,2.8,2,1,1,1,68.2,59.9,85.4,Yes,Yes,Not Placed
STU0674,Male,21,8.06,78.6,2.7,0,0,2,4,65.1,56.1,28.9,Yes,Yes,Placed
STU0034,Female,22,6.45,79.3,2.8,1,2,2,1,49.6,79.5,64.6,Yes,No,Not Placed
STU0790,Female,20,8.04,75.6,3.4,1,1,1,0,60.6,89.5,49.1,No,No,Not Placed
STU0449,Male,21,7.27,78.1,4.5,2,0,2,2,52.3,42.8,85.5,No,No,Not Placed
STU0446,Female,21,7.77,85.3,4.5,2,1,2,3,48.4,73.9,72.6,No,Yes,Not Placed
STU0847,Male,20,6.85,75.0,0.4,0,1,2,1,58.3,55.5,71.7,Yes,No,Not Placed
STU0719,Male,22,6.66,75.0,0.8,0,1,1,2,61.0,70.0,63.7,No,No,Placed
STU1156,Female,21,7.65,88.6,2.5,0,1,3,0,65.6,83.8,51.9,No,No,Placed
STU0078,Male,21,7.31,85.4,2.2,1,3,2,2,68.7,40.9,47.1,No,No,Not Placed
STU0085,Male,20,6.71,72.9,3.5,0,2,3,1,61.0,61.6,60.9,No,No,Not Placed
STU1082,Male,20,7.88,77.9,4.4,0,0,0,2,54.0,71.1,65.1,No,Yes,Not Placed
STU0083,Male,20,6.96,78.6,2.2,0,1,3,1,61.7,51.4,37.5,Yes,No,Placed
STU0458,Male,20,6.04,80.8,0.0,0,0,1,2,39.4,62.3,16.6,No,No,Not Placed
STU0758,Male,21,7.61,84.3,3.8,1,0,0,1,74.8,48.5,24.8,No,No,Not Placed
STU0437,Male,20,7.05,86.2,1.5,0,0,4,1,60.4,60.6,60.7,No,No,Placed
STU1079,Male,20,8.14,69.4,4.4,0,0,4,4,81.4,63.5,42.8,No,Yes,Placed
STU0917,Male,22,7.29,90.0,4.1,0,1,0,0,50.6,56.0,55.4,Yes,No,Placed
STU0405,Male,22,8.23,86.1,1.6,0,3,1,1,40.2,73.4,33.6,Yes,Yes,Not Placed
STU1059,Male,22,5.96,72.2,2.3,0,2,2,0,62.9,79.0,52.2,No,No,Not Placed
STU0627,Male,21,6.33,79.0,1.3,0,1,1,0,79.0,64.3,35.7,Yes,No,Not Placed
STU0669,Male,21,5.81,67.8,2.6,1,1,4,2,37.6,82.4,62.4,Yes,No,Not Placed
STU0105,Female,20,8.81,80.2,2.4,0,0,1,1,51.1,65.9,76.2,No,No,Not Placed
STU0555,Female,20,8.08,86.0,3.2,0,0,4,4,37.3,63.1,64.3,No,Yes,Placed
STU1151,Female,22,8.06,84.7,3.1,0,3,1,0,66.9,83.4,58.3,No,No,Placed
STU0063,Female,20,6.32,80.7,1.6,1,0,2,1,84.1,70.1,66.6,No,Yes,Not Placed
STU0282,Male,22,6.62,64.2,1.1,2,1,2,0,34.5,53.8,84.8,No,No,Not Placed
STU0683,Male,20,6.7,81.3,1.6,0,1,3,0,,51.9,100.0,Yes,No,Placed
STU0239,Female,22,,72.1,4.6,1,1,0,4,61.1,100.0,58.5,Yes,No,Not Placed
STU0224,Male,20,7.03,84.3,3.2,0,0,0,1,63.0,77.1,62.2,No,Yes,Not Placed
STU0146,Male,22,7.31,90.4,2.5,0,1,2,1,54.1,90.2,53.8,Yes,Yes,Not Placed
STU1133,Male,22,7.14,83.0,3.7,0,1,2,0,72.3,46.9,52.9,No,No,Not Placed
STU0374,Female,21,7.99,68.1,3.7,0,0,2,3,61.6,98.2,56.2,No,Yes,Not Placed
STU0119,Female,20,6.75,92.2,3.3,1,0,2,1,54.8,60.9,83.5,Yes,Yes,Not Placed
STU0826,Female,21,,87.9,1.8,0,2,3,2,70.6,27.8,52.3,No,No,Not Placed
STU0251,Male,21,5.96,97.2,4.9,0,0,2,1,73.1,36.1,44.5,No,Yes,Placed
STU1171,Female,22,7.5,67.9,3.9,3,1,3,4,74.4,85.0,71.0,No,Yes,Placed
STU0010,Female,22,7.29,82.8,1.8,1,2,2,3,58.7,94.8,58.2,No,Yes,Placed
STU0450,Male,21,7.22,76.8,3.8,0,1,2,0,62.4,73.5,36.5,Yes,No,Placed
STU0900,Male,21,7.2,100.0,2.6,1,2,2,1,68.8,83.2,26.2,No,No,Placed
STU0390,Female,20,6.9,86.1,4.6,0,1,1,1,67.0,54.2,29.0,No,Yes,Placed
STU0645,Male,21,7.18,77.1,5.5,0,2,2,0,59.7,69.2,40.3,No,No,Not Placed
STU0928,Male,21,7.21,89.4,2.0,1,0,0,1,82.1,74.4,43.6,No,Yes,Not Placed
STU0461,Male,20,6.21,72.3,1.1,0,0,2,3,71.9,48.6,40.4,No,No,Not Placed
STU1119,Male,22,8.79,81.6,5.6,1,1,3,0,56.2,76.9,53.6,,No,Placed
STU0145,Male,20,5.46,89.9,2.8,1,1,3,2,66.8,51.1,74.2,Yes,Yes,Placed
STU0502,Male,20,6.94,64.1,3.0,2,3,2,4,76.1,44.5,58.5,No,No,Placed
STU1122,Female,20,6.7,86.2,3.3,1,3,4,0,60.3,81.9,72.1,No,Yes,Placed
STU0540,Male,20,4.83,100.0,1.1,0,0,0,2,53.6,64.7,74.5,Yes,No,Not Placed
STU0178,Male,21,7.28,75.1,3.5,0,2,2,1,60.6,65.8,41.8,No,No,Placed
STU1173,Female,21,7.59,83.1,2.5,2,0,1,1,46.2,94.5,94.3,Yes,No,Not Placed
STU0975,Male,20,6.9,77.9,2.6,1,1,2,2,97.9,72.8,48.8,Yes,Yes,Placed
STU0603,Male,20,7.96,61.5,2.5,0,0,4,2,98.6,45.9,20.6,Yes,Yes,Not Placed
STU0856,Male,21,6.76,68.4,2.3,0,1,2,0,56.9,64.2,57.6,,Yes,Not Placed
STU0008,Female,22,7.28,78.5,3.8,0,0,2,0,72.1,49.2,57.3,No,No,Not Placed
STU0844,Female,22,5.74,62.2,1.0,1,1,0,3,57.4,62.3,50.5,No,Yes,Not Placed
STU0869,Female,20,8.65,68.7,3.4,0,0,2,4,47.5,53.8,43.3,Yes,No,Not Placed
STU0358,Female,20,9.3,77.3,6.4,0,0,1,1,71.7,65.1,53.3,Yes,No,Placed
STU0330,Male,22,6.87,77.8,3.0,1,1,0,1,65.5,75.0,68.3,Yes,No,Not Placed
STU1109,Female,22,6.12,87.0,2.0,1,0,3,1,85.6,45.7,31.3,Yes,Yes,Not Placed
STU0886,Male,20,6.96,91.5,1.9,0,0,1,2,48.5,79.6,67.8,Yes,Yes,Not Placed
STU0259,Male,21,7.33,77.8,3.5,0,0,3,1,72.6,57.8,50.9,Yes,Yes,Not Placed
STU0894,Male,20,5.37,76.7,4.7,0,0,1,4,77.3,49.4,90.8,No,Yes,Not Placed
STU0918,Female,20,5.71,72.7,2.7,1,2,2,0,78.0,56.8,89.1,Yes,No,Not Placed
STU0797,Female,22,8.45,85.2,4.6,0,1,3,2,68.5,75.4,53.2,No,No,Not Placed
STU0827,Male,22,8.55,71.9,5.4,0,0,2,1,67.5,58.1,54.9,,No,Not Placed
STU0853,Male,20,5.76,93.4,3.1,1,2,1,0,56.4,77.1,44.0,Yes,No,Placed
STU0526,Male,22,7.93,90.8,1.9,0,1,4,0,66.8,39.9,58.2,No,No,Placed
STU0837,Female,21,8.7,83.8,2.5,0,1,3,0,41.2,88.3,80.8,No,Yes,Placed
STU0679,Female,21,6.88,78.0,1.4,0,3,4,4,56.8,60.3,53.5,No,No,Placed
STU0773,Male,21,7.54,89.9,3.6,0,1,2,1,,84.6,69.8,No,Yes,Placed
STU1180,Male,21,7.27,88.8,2.3,2,0,2,3,47.5,80.4,42.5,Yes,Yes,Not Placed
STU0441,Male,22,7.99,90.7,2.5,0,1,2,0,76.7,76.4,39.9,Yes,Yes,Placed
STU0532,Female,20,7.07,83.5,2.1,0,0,1,1,46.4,64.1,75.5,No,No,Placed
STU0989,Male,21,6.21,82.4,1.6,0,0,3,3,67.2,59.5,25.5,Yes,No,Placed
STU0229,Female,22,7.61,69.2,2.1,0,2,3,1,68.8,65.3,61.7,No,No,Placed
STU1055,Female,22,6.52,75.6,3.1,2,3,2,2,78.0,56.6,30.9,No,No,Not Placed
STU0213,Female,20,6.33,75.7,4.0,0,0,2,3,56.0,63.1,68.3,No,No,Placed
STU0080,Male,22,7.79,83.8,4.1,0,1,4,0,22.7,67.3,82.8,Yes,No,Placed
STU0149,Male,22,7.85,78.9,1.3,0,1,0,1,68.0,74.4,33.4,Yes,No,Placed
STU0611,Male,22,7.6,72.3,1.8,0,0,2,2,83.3,73.5,74.5,No,Yes,Placed
STU0729,Male,20,8.07,83.4,3.7,0,1,0,1,67.5,64.1,79.8,No,No,Not Placed
STU0937,Male,21,,94.0,1.8,1,1,3,1,86.1,46.6,63.3,No,Yes,Placed
STU0134,Male,21,7.32,68.0,2.3,2,1,1,4,63.3,74.2,88.9,No,No,Not Placed
STU0804,Female,22,6.72,,4.8,0,1,2,0,54.2,80.0,70.6,No,Yes,Placed
STU0409,Female,20,6.72,77.2,3.5,1,1,1,3,93.6,56.3,71.7,Yes,Yes,Placed
STU0693,Male,21,8.13,63.6,1.1,2,0,2,1,62.6,62.9,57.9,No,Yes,Placed
STU0508,Female,22,7.22,82.7,4.0,1,0,2,1,72.3,69.9,63.2,No,Yes,Not Placed
STU0903,Male,22,7.43,74.1,1.9,0,1,4,0,71.5,89.4,67.0,Yes,No,Not Placed
STU0505,Female,20,7.57,77.2,3.0,0,1,1,1,76.3,60.5,59.4,No,Yes,Placed
STU0695,Male,22,6.34,83.2,1.6,0,1,1,0,65.4,86.0,37.7,Yes,No,Not Placed
STU0348,Male,22,6.41,79.3,5.4,1,0,4,1,72.4,58.3,84.4,Yes,No,Not Placed
STU0387,Male,21,9.64,85.2,2.2,0,0,1,1,67.9,72.0,67.3,No,Yes,Placed
STU0001,Male,20,6.73,93.7,2.6,0,1,2,1,60.5,69.9,54.5,Yes,Yes,Placed
STU0361,Male,21,8.96,86.4,3.0,0,2,2,0,47.2,49.4,90.9,No,No,Placed
STU1148,Female,20,7.54,68.1,4.6,0,0,2,1,75.8,63.3,48.5,No,Yes,Placed
STU0476,Female,22,7.21,91.6,3.8,0,0,4,4,41.5,71.9,59.3,No,Yes,Placed
STU0799,Female,22,6.13,64.4,0.0,0,1,1,4,60.6,73.5,41.6,Yes,Yes,Not Placed
STU0775,Female,21,6.62,80.6,3.4,1,1,3,0,58.5,64.7,60.3,No,No,Placed
STU0173,Male,20,7.79,77.3,1.9,0,2,2,0,60.9,45.3,61.3,Yes,No,Placed
STU0451,Female,20,5.71,80.8,2.3,0,0,0,1,51.6,59.7,63.4,No,No,Not Placed
STU0126,Male,20,5.37,68.8,4.2,0,1,2,4,54.9,72.2,77.8,,Yes,Placed
STU1041,Male,20,7.52,,1.5,0,1,3,2,68.3,61.3,52.5,Yes,Yes,Placed
STU0531,Female,21,7.37,90.5,1.6,1,0,1,0,72.8,74.1,70.3,No,Yes,Placed
STU0091,Male,21,6.54,,4.1,0,2,1,0,73.9,61.1,58.2,Yes,No,Not Placed
STU1176,Male,20,7.39,85.2,3.6,2,0,0,4,58.3,47.7,80.8,Yes,No,Not Placed
STU0182,Male,20,7.9,,3.2,0,2,1,2,79.0,69.0,50.5,,No,Placed
STU0680,Female,22,4.5,81.9,3.2,2,0,0,3,61.7,64.7,80.5,No,Yes,Not Placed
STU0415,Female,21,7.83,91.4,3.5,0,1,1,0,60.6,62.6,85.6,No,No,Placed
STU0252,Male,21,5.53,85.0,2.1,0,2,4,0,66.9,59.2,61.4,No,No,Placed
STU0070,Female,22,7.38,71.6,1.2,0,3,0,1,65.7,39.8,51.0,No,Yes,Not Placed
STU0132,Male,21,8.3,81.4,1.4,1,0,1,1,50.5,66.4,70.3,No,No,Not Placed
STU0301,Male,20,5.55,86.5,4.1,0,0,1,4,64.7,70.0,80.6,No,No,Not Placed
STU1179,Female,21,7.46,84.1,3.9,0,0,3,0,,58.0,68.1,Yes,No,Placed
STU0327,Male,20,7.11,95.0,1.3,0,0,1,1,57.9,80.1,54.8,Yes,No,Placed
STU1189,Male,22,6.61,100.0,4.2,0,2,2,0,74.0,47.2,72.3,No,Yes,Placed
STU0500,Female,21,8.15,71.6,2.0,0,3,1,4,88.1,36.9,29.9,No,Yes,Not Placed
STU0890,Male,20,6.52,98.1,3.2,0,1,3,4,71.6,49.5,48.2,Yes,Yes,Placed
STU0946,Male,22,8.77,,1.3,2,1,3,1,55.2,45.7,76.9,Yes,No,Not Placed
STU0496,Male,22,6.47,77.0,2.3,2,0,2,0,45.3,38.7,47.9,No,No,Placed
STU0339,Male,20,7.68,76.4,4.6,0,2,3,4,60.8,66.5,43.9,Yes,No,Placed
STU0993,Male,21,7.53,89.2,3.7,0,1,0,4,91.6,58.9,53.7,Yes,No,Not Placed
STU0165,Male,22,7.0,88.7,3.4,1,0,2,0,77.5,62.7,96.4,Yes,No,Placed
STU0029,Female,22,6.93,92.2,6.6,0,2,3,1,55.9,86.8,70.6,Yes,No,Placed
STU0517,Male,21,6.87,72.1,1.5,0,0,4,0,64.2,74.5,85.0,No,Yes,Not Placed
STU0194,Female,21,7.23,92.5,2.7,0,3,4,0,60.8,47.3,67.6,No,No,Placed
STU1086,Male,21,7.14,81.2,2.2,1,3,3,0,67.3,54.0,59.3,No,Yes,Placed
STU0970,Male,22,6.98,90.9,2.6,1,2,0,2,71.6,58.5,50.4,No,No,Placed
STU0170,Female,22,7.49,68.8,4.7,0,0,4,2,68.0,55.5,68.5,No,No,Placed
STU0731,Male,20,7.23,81.6,3.8,0,3,1,4,39.9,29.3,48.7,No,Yes,Not Placed
STU0174,Male,21,6.85,85.9,2.9,1,0,3,4,81.8,88.5,79.4,Yes,Yes,Placed
STU0519,Female,21,6.95,70.8,4.3,0,1,4,0,,46.4,60.3,No,No,Not Placed
STU0947,Male,21,6.95,89.0,3.6,0,1,1,1,64.1,85.6,74.3,Yes,Yes,Not Placed
STU0723,Male,21,7.63,74.0,2.4,3,0,3,2,76.4,97.5,42.4,No,Yes,Not Placed
STU0492,Female,20,8.98,82.8,0.9,1,2,1,1,55.8,81.8,51.2,No,Yes,Placed
STU0074,Female,22,7.68,70.2,3.1,0,1,2,4,100.0,42.5,13.3,No,Yes,Placed
STU1011,Male,21,7.03,78.0,0.0,1,1,1,2,38.0,72.5,76.9,Yes,No,Not Placed
STU0588,Male,21,7.96,85.1,4.3,2,3,2,2,79.5,94.5,62.0,No,Yes,Not Placed
STU0235,Male,22,8.18,74.4,2.5,0,0,3,3,59.8,90.5,72.9,Yes,Yes,Placed
STU0215,Female,20,6.97,81.3,3.0,0,1,2,3,77.1,68.9,74.5,No,Yes,Placed
STU1187,Female,21,6.6,76.3,3.3,0,1,0,1,34.1,63.8,67.6,No,Yes,Not Placed
STU0133,Male,22,7.23,73.0,4.8,0,1,2,1,60.4,41.1,75.3,No,Yes,Not Placed
STU0938,Female,20,8.63,76.2,2.6,0,0,4,3,71.5,71.0,83.8,Yes,No,Placed
STU0754,Male,21,6.72,83.4,2.8,0,0,3,2,71.7,80.9,22.6,No,No,Placed
STU0969,Male,22,8.11,74.3,2.4,0,1,1,1,39.4,54.0,61.9,No,Yes,Placed
STU0186,Female,22,8.01,63.8,2.1,0,0,3,0,54.3,48.0,52.8,No,Yes,Not Placed
STU0042,Male,21,7.27,60.4,2.7,0,1,1,2,67.2,44.0,54.1,No,No,Placed
STU0109,Male,22,7.44,80.6,2.9,0,0,1,1,81.3,56.8,64.4,Yes,No,Not Placed
STU0874,Male,22,7.39,80.3,2.6,0,1,3,3,55.8,45.4,56.2,No,No,Placed
STU0569,Female,22,8.7,82.2,3.3,0,2,3,0,57.3,57.8,66.9,No,No,Placed
STU0671,Male,21,7.69,74.8,2.8,2,0,1,1,73.8,50.9,64.3,No,No,Not Placed
STU1028,Female,21,8.56,93.0,3.9,0,3,2,2,52.2,74.8,37.0,No,Yes,Not Placed
STU1169,Male,21,8.04,76.7,2.9,2,2,2,1,39.6,65.8,17.2,No,No,Not Placed
STU0484,Female,22,6.76,67.5,3.7,0,2,3,0,58.5,100.0,60.5,Yes,Yes,Placed
STU0469,Male,21,6.54,70.0,2.2,0,0,1,3,80.5,74.8,58.7,No,Yes,Placed
STU0025,Male,20,7.77,91.3,3.0,2,0,0,0,73.8,64.2,50.7,No,No,Not Placed
STU1074,Male,21,6.65,74.2,4.4,0,0,4,2,73.5,62.2,71.5,No,No,Placed
STU0905,Male,22,8.77,84.7,3.7,0,1,2,3,61.6,80.7,55.1,No,Yes,Placed
STU0823,Male,20,7.12,68.7,2.9,0,1,1,4,61.0,55.0,72.1,No,Yes,Not Placed
STU1160,Male,22,,74.5,0.2,0,1,1,2,67.5,76.4,38.3,Yes,No,Not Placed
STU0367,Female,20,5.83,79.9,2.1,0,0,0,1,57.7,48.6,40.8,No,Yes,Not Placed
STU1036,Female,22,8.57,84.1,3.1,0,1,4,2,51.3,88.0,40.9,No,Yes,Placed
STU1067,Male,21,8.03,94.1,3.0,0,2,0,0,49.5,70.7,63.3,Yes,Yes,Not Placed
STU0384,Female,20,6.55,71.4,0.3,0,3,2,4,75.2,33.9,21.7,Yes,No,Not Placed
STU0455,Male,21,7.21,74.5,2.7,1,1,1,3,57.4,71.2,79.7,Yes,Yes,Placed
STU0265,Female,20,6.4,64.4,0.4,1,0,2,0,75.0,80.8,69.2,Yes,Yes,Not Placed
STU0782,Male,20,6.21,54.9,1.6,0,3,1,3,71.1,73.8,38.3,No,Yes,Not Placed
STU1010,Male,22,6.7,80.9,5.0,0,0,3,2,52.3,71.0,39.7,Yes,Yes,Not Placed
STU0445,Female,22,,77.9,2.8,0,0,3,0,59.5,58.1,53.5,No,No,Not Placed
STU0396,Female,22,8.1,89.7,4.7,0,3,0,3,88.2,86.4,15.9,Yes,Yes,Placed
STU0763,Male,22,8.84,77.4,0.0,0,1,4,2,86.9,75.3,37.4,No,No,Placed
STU0177,Female,21,6.38,75.0,2.6,0,0,4,0,84.9,51.6,51.5,No,No,Placed
STU0019,Male,22,7.27,61.1,4.8,0,1,3,1,89.5,68.6,84.8,No,Yes,Placed
STU0848,Female,21,7.58,65.8,3.5,0,1,4,4,60.3,59.6,49.0,No,No,Placed
STU0838,Male,20,7.85,71.8,3.6,0,2,0,0,71.0,69.0,84.7,Yes,Yes,Not Placed
STU0596,Male,22,7.06,76.4,4.7,2,3,1,1,78.8,98.1,55.3,No,Yes,Placed
STU0062,Male,20,7.99,78.1,2.8,2,0,1,4,69.1,36.0,30.5,No,No,Not Placed
STU0273,Female,21,8.26,78.3,5.4,0,2,2,1,51.6,35.8,22.6,No,Yes,Not Placed
STU1140,Female,21,6.05,54.1,3.2,0,0,3,1,35.6,71.3,54.2,No,Yes,Not Placed
STU0279,Female,20,7.25,81.5,2.4,0,0,4,3,62.9,60.6,77.7,Yes,No,Placed
STU0866,Male,20,6.42,84.2,5.1,0,0,4,3,48.5,100.0,51.9,Yes,No,Not Placed
STU0369,Male,22,7.44,60.7,4.0,2,0,2,1,100.0,70.3,41.3,No,No,Not Placed
STU0913,Female,21,6.58,80.7,2.4,0,1,2,0,52.3,59.7,44.1,No,No,Placed
STU0843,Male,22,6.91,73.1,3.0,0,0,2,2,75.0,61.5,56.7,No,No,Placed
STU0885,Female,20,7.93,88.5,1.0,0,1,4,2,55.7,53.5,61.6,No,No,Not Placed
STU0742,Male,21,7.81,77.2,3.8,1,2,4,3,68.4,66.5,81.2,Yes,Yes,Placed
STU1100,Male,20,6.47,63.3,2.4,0,1,3,1,58.2,51.3,60.5,No,Yes,Placed
STU0548,Female,22,7.39,82.4,3.4,1,1,2,4,62.4,53.6,58.8,No,Yes,Placed
STU0906,Female,22,,89.4,1.8,2,1,4,4,64.3,55.8,91.0,No,No,Not Placed
STU0689,Female,21,8.34,100.0,3.3,2,0,0,3,62.9,73.5,57.0,Yes,Yes,Not Placed
STU0927,Male,21,7.84,52.8,4.8,0,0,0,1,64.4,69.7,74.4,Yes,No,Placed
STU0457,Male,20,9.17,82.2,3.9,0,0,2,0,70.5,66.9,77.7,,No,Not Placed
STU0394,Female,21,7.02,68.5,3.5,1,1,3,2,79.5,64.6,80.2,No,Yes,Not Placed
STU0676,Female,21,6.94,,2.8,2,0,2,2,21.5,76.9,52.1,Yes,Yes,Not Placed
STU0939,Male,22,6.21,85.1,1.7,3,0,3,1,77.1,38.4,61.7,Yes,No,Not Placed
STU0994,Female,20,7.5,77.0,2.9,0,1,0,0,69.6,61.3,96.9,No,Yes,Placed
STU0376,Male,20,6.14,87.1,4.5,0,0,1,1,93.9,67.3,78.9,Yes,No,Not Placed
STU0413,Female,22,7.58,61.6,5.0,0,0,3,4,56.5,54.2,84.0,No,No,Placed
STU0075,Female,21,7.89,73.2,5.1,0,2,1,0,54.6,76.4,97.3,No,No,Not Placed
STU1136,Male,20,8.25,70.7,2.8,0,2,0,3,73.1,75.7,54.1,No,No,Placed
STU0888,Male,20,7.78,,2.5,0,2,4,2,68.7,27.5,74.7,No,Yes,Placed
STU0501,Female,21,7.38,94.2,4.3,0,2,1,2,63.1,54.7,25.3,Yes,No,Placed
STU0824,Male,21,7.37,87.6,3.6,0,0,1,0,70.3,53.9,64.6,No,No,Not Placed
STU0617,Male,20,6.56,92.0,3.2,0,2,1,2,66.4,63.2,69.0,No,Yes,Not Placed
STU0115,Female,21,7.05,82.5,2.7,1,1,2,4,86.4,71.4,66.1,No,No,Placed
STU0418,Male,20,7.6,85.4,2.9,1,0,2,3,38.3,71.9,80.6,Yes,No,Placed
STU0602,Male,21,7.4,82.5,2.6,1,2,1,1,83.5,68.7,58.4,Yes,Yes,Placed
STU0605,Male,22,9.17,81.8,4.1,2,1,2,2,62.2,74.3,31.6,Yes,Yes,Placed
STU0090,Male,20,6.15,72.7,1.8,0,1,3,3,51.6,65.5,61.3,No,No,Placed
STU1163,Male,20,7.34,91.6,1.9,0,2,0,1,64.1,94.9,66.3,Yes,No,Not Placed
STU0499,Female,21,6.25,81.0,2.2,0,1,3,3,67.4,59.4,87.9,Yes,Yes,Not Placed
STU0902,Male,21,7.19,83.8,3.9,0,0,2,0,67.0,72.9,29.1,No,Yes,Placed
STU0909,Male,22,7.69,,3.3,0,0,2,4,57.3,57.4,56.9,No,No,Not Placed
STU0907,Female,22,6.57,70.2,4.8,3,1,2,1,62.3,68.4,77.8,Yes,No,Not Placed
STU0012,Female,22,6.66,69.4,5.9,0,1,1,1,55.0,53.7,69.4,Yes,No,Not Placed
STU0397,Female,20,9.3,76.2,2.4,1,0,4,1,66.3,39.2,68.1,Yes,No,Not Placed
STU0858,Male,20,7.12,72.7,0.8,1,1,3,2,49.4,66.5,63.4,Yes,No,Placed
STU0556,Male,22,6.53,70.8,3.1,0,0,2,0,53.2,43.8,58.2,No,Yes,Not Placed
STU0043,Male,22,8.46,75.1,2.2,0,0,1,1,80.3,63.4,59.6,No,Yes,Not Placed
STU0168,Male,21,7.88,87.0,3.6,0,1,2,1,89.1,62.2,15.7,No,No,Placed
STU0417,Male,20,7.73,89.3,2.2,0,1,2,2,73.0,28.8,72.9,No,No,Not Placed
STU0577,Male,20,6.6,59.4,4.0,0,2,2,1,56.5,49.9,98.4,Yes,No,Placed
STU0268,Female,21,6.76,77.1,3.9,0,1,2,2,58.0,83.8,10.0,Yes,No,Not Placed
STU0831,Male,20,5.78,90.0,2.9,0,0,2,1,94.6,45.4,32.3,No,No,Not Placed
STU0427,Male,20,7.3,89.0,0.9,0,0,1,3,90.3,53.2,60.0,No,Yes,Not Placed
STU0691,Male,21,6.77,75.1,3.8,0,1,0,1,60.6,69.0,72.9,Yes,Yes,Not Placed
STU0545,Female,22,7.68,71.6,4.5,0,0,1,0,85.7,53.5,14.3,Yes,Yes,Not Placed
STU1137,Female,20,7.7,78.8,1.1,1,1,2,0,95.6,69.0,58.7,Yes,No,Placed
STU0675,Male,20,7.9,82.9,3.6,0,0,3,0,58.2,37.8,63.9,Yes,No,Placed
STU0690,Male,22,6.87,86.0,3.6,1,1,2,2,42.9,75.0,72.6,No,Yes,Not Placed
STU1069,Male,21,7.29,76.7,3.7,1,1,1,2,78.0,76.9,56.5,No,No,Not Placed
STU1191,Male,22,5.64,68.5,2.8,0,0,2,1,56.3,69.9,60.4,No,No,Not Placed
STU1159,Female,21,6.21,90.1,1.1,1,1,2,0,74.7,85.8,100.0,Yes,No,Not Placed
STU0910,Male,21,6.27,86.1,3.6,0,0,1,0,57.2,49.1,43.1,No,No,Not Placed
STU0258,Female,20,6.71,84.9,5.3,1,2,2,0,,78.9,71.6,No,No,Not Placed
STU0336,Male,22,8.01,78.9,2.7,2,1,3,0,41.6,55.2,77.3,Yes,No,Not Placed
STU0016,Male,21,7.71,87.8,2.7,0,1,2,3,55.4,64.5,72.8,No,No,Placed
STU1034,Male,21,7.25,79.1,5.7,0,0,1,2,77.6,59.1,38.1,Yes,Yes,Placed
STU0325,Female,20,7.2,76.7,3.4,0,1,2,0,71.5,64.1,75.4,No,No,Not Placed
STU0608,Male,22,7.13,72.1,3.0,0,0,1,0,54.0,94.2,100.0,Yes,No,Placed
STU1068,Male,20,6.21,78.5,1.1,0,1,0,1,67.1,72.3,76.8,No,Yes,Placed
STU0813,Male,20,6.2,84.8,1.7,0,2,1,1,67.0,38.7,48.5,Yes,No,Placed
STU0223,Male,22,7.11,84.3,1.8,2,1,4,3,61.2,78.4,42.9,Yes,Yes,Not Placed
STU0180,Male,20,6.93,61.2,4.9,3,2,3,1,64.8,41.9,52.3,No,No,Not Placed
STU0100,Male,22,8.49,76.3,2.6,1,0,4,4,75.0,76.5,52.5,Yes,No,Not Placed
STU0522,Male,21,8.64,87.0,2.7,0,0,2,3,35.6,67.9,67.8,Yes,Yes,Not Placed
STU0023,Male,22,6.82,85.4,3.9,0,2,2,0,60.0,45.9,89.1,Yes,No,Placed
STU0357,Male,20,7.02,92.1,3.5,0,1,1,1,60.0,79.1,64.9,Yes,No,Not Placed
STU0734,Male,20,7.34,69.3,4.2,0,3,1,1,79.8,53.0,15.1,Yes,Yes,Placed
STU0990,Female,20,7.95,66.7,4.0,0,0,4,2,77.2,76.5,34.3,No,No,Not Placed
STU1126,Male,22,7.7,74.3,3.1,0,3,4,0,61.9,69.6,65.3,No,No,Not Placed
STU0612,Female,20,7.53,75.6,3.8,1,2,3,0,54.4,60.4,48.4,Yes,No,Placed
STU1033,Male,20,6.17,75.0,3.5,0,2,2,3,76.7,88.0,49.9,No,Yes,Placed
STU0341,Male,20,7.36,78.2,4.4,0,2,1,1,53.9,61.4,61.2,No,Yes,Placed
STU0432,Female,22,7.0,98.3,3.3,0,0,0,1,52.5,69.2,45.1,Yes,Yes,Placed
STU1112,Male,20,7.77,84.0,0.6,0,1,1,0,76.6,60.0,43.3,Yes,No,Placed
STU0218,Female,20,7.33,77.7,2.4,3,0,4,3,55.2,93.7,67.0,Yes,No,Placed
STU0204,Female,22,6.88,79.0,5.9,0,1,1,0,59.2,78.1,31.6,Yes,Yes,Placed
STU0933,Female,22,7.58,82.1,3.6,0,2,2,1,94.4,73.2,59.5,No,Yes,Not Placed
STU0950,Female,21,6.94,80.2,3.5,0,1,3,2,50.5,81.6,50.2,No,No,Not Placed
STU0094,Male,20,7.42,77.9,2.1,0,0,4,1,,70.5,49.5,No,No,Not Placed
STU0821,Female,21,7.28,80.0,1.9,2,0,1,0,27.9,57.7,44.2,Yes,No,Not Placed
STU0069,Male,22,5.55,81.2,1.8,0,3,3,1,67.6,55.4,66.3,Yes,Yes,Placed
STU0922,Male,21,6.78,77.4,0.5,1,3,1,0,52.7,65.8,44.9,Yes,No,Not Placed
STU0285,Male,22,5.44,93.7,5.9,2,0,2,1,50.9,74.2,91.2,Yes,No,Placed
STU0697,Male,20,7.3,76.7,1.1,0,1,3,3,75.4,50.4,86.9,No,No,Placed
STU0086,Male,22,6.74,77.4,4.3,0,0,2,2,66.0,74.2,72.5,No,No,Placed
STU0435,Male,22,7.04,87.3,4.7,1,3,2,1,70.1,78.4,79.8,No,No,Placed
STU0819,Male,20,8.05,,6.2,0,2,3,1,76.4,58.9,64.3,No,No,Not Placed
STU0154,Male,22,7.79,68.5,4.5,0,0,1,0,67.6,71.7,94.3,Yes,No,Not Placed
STU0076,Female,22,7.03,73.2,0.6,1,1,2,0,79.5,86.2,67.8,No,No,Placed
STU1116,Female,22,7.5,77.8,4.0,0,0,1,2,51.8,61.1,44.2,Yes,No,Not Placed
STU0581,Male,21,7.55,77.9,2.6,2,1,4,2,58.0,83.8,59.0,No,No,Placed
STU0447,Female,21,5.81,76.8,1.8,0,0,0,2,73.0,47.3,56.9,No,No,Not Placed
STU0704,Male,20,6.28,76.8,1.8,0,1,1,2,100.0,77.5,69.6,No,Yes,Not Placed
STU0189,Male,20,7.86,81.2,2.8,0,1,1,1,68.7,91.4,60.4,No,No,Placed
STU0272,Female,20,8.24,,3.3,0,1,0,0,64.1,63.1,24.2,No,No,Not Placed
STU0237,Male,21,7.63,84.8,2.5,2,2,3,0,67.6,32.6,49.4,No,No,Placed
STU0488,Male,22,8.05,82.9,4.5,0,2,3,1,51.9,41.5,41.7,Yes,No,Not Placed
STU1174,Male,22,6.89,98.4,3.2,0,1,4,0,58.9,54.0,62.0,Yes,Yes,Not Placed
STU0560,Female,20,5.98,78.4,0.1,2,1,1,2,61.0,49.6,26.8,Yes,No,Placed
STU0118,Male,21,5.18,74.5,3.2,0,0,1,1,64.6,52.2,68.9,No,No,Not Placed
STU0638,Male,20,6.06,69.3,3.6,0,3,1,0,69.8,50.6,17.8,Yes,Yes,Not Placed
STU1091,Female,21,6.09,77.5,3.6,0,0,0,0,59.8,55.2,67.6,No,Yes,Not Placed
STU0751,Male,20,5.05,100.0,3.6,0,0,3,1,59.1,60.8,42.0,No,Yes,Placed
STU0513,Female,22,8.31,71.8,2.2,0,0,0,0,62.6,60.7,67.5,No,No,Placed
STU0634,Male,22,8.61,79.2,3.0,1,1,1,3,97.1,78.1,53.1,No,No,Placed
STU0808,Female,21,7.27,91.8,3.6,3,0,1,1,64.1,67.4,44.0,No,Yes,Not Placed
STU1030,Female,22,7.57,68.0,2.7,2,2,4,2,58.9,38.5,56.5,No,No,Not Placed
STU0980,Female,21,6.04,63.7,4.8,0,1,3,1,61.2,57.3,87.2,Yes,Yes,Not Placed
STU0127,Female,20,7.89,87.4,4.0,2,1,3,1,70.1,70.2,22.6,No,Yes,Placed
STU0791,Male,22,8.83,,5.0,0,2,2,0,44.9,59.7,59.7,No,No,Placed
STU0117,Female,21,7.12,71.9,2.7,1,3,2,0,75.7,95.8,54.2,Yes,Yes,Placed
STU0474,Female,20,6.35,81.5,5.1,3,0,2,2,68.4,76.1,73.3,Yes,No,Not Placed
STU0741,Male,20,6.82,70.0,3.3,1,0,3,0,76.2,38.0,96.2,No,No,Placed
STU1025,Female,22,7.01,94.5,3.1,1,1,0,2,53.4,84.3,31.6,No,No,Placed
STU0058,Male,22,7.17,72.8,4.5,0,2,1,2,61.8,50.2,38.3,Yes,Yes,Placed
STU0604,Male,20,6.64,89.2,2.7,3,2,3,1,48.6,58.2,46.6,No,No,Not Placed
STU0787,Female,21,6.58,92.5,3.7,0,0,2,0,67.0,66.4,66.3,Yes,No,Not Placed
STU1001,Male,22,7.12,70.8,2.5,1,0,2,3,81.7,47.5,73.9,No,Yes,Not Placed
STU0657,Male,20,8.27,80.5,2.1,0,0,3,0,94.7,68.7,44.7,No,Yes,Not Placed
STU1117,Male,22,8.67,91.9,5.3,0,1,3,3,47.4,69.5,48.4,Yes,Yes,Not Placed
STU0949,Female,20,6.5,80.0,4.3,2,1,3,3,,78.8,77.5,No,No,Placed
STU0106,Male,20,,88.9,5.2,0,1,2,4,82.0,70.3,46.2,No,No,Placed
STU0636,Male,21,7.01,88.4,4.6,0,0,4,2,47.1,63.8,84.4,No,No,Placed
STU0370,Male,21,8.79,73.2,3.9,0,0,2,2,74.1,70.9,56.6,Yes,No,Placed
STU0269,Male,20,7.66,69.3,3.1,2,1,4,0,65.2,69.4,69.1,No,Yes,Not Placed
STU0656,Male,21,7.73,97.5,2.4,2,1,3,4,100.0,48.1,47.1,No,Yes,Placed
STU0820,Male,21,6.04,76.3,5.8,0,1,4,2,52.4,87.6,93.1,No,No,Not Placed
STU0047,Male,22,6.63,76.5,5.5,0,0,2,4,45.8,99.1,79.4,No,No,Placed
STU0350,Female,22,6.42,83.4,5.3,0,1,4,0,83.3,62.0,60.1,Yes,No,Placed
STU0774,Male,22,7.93,70.9,2.0,0,0,3,1,48.6,47.4,83.9,No,No,Placed
STU0196,Male,21,8.25,88.1,2.9,0,1,3,3,85.6,49.8,56.2,No,Yes,Placed
STU0103,Male,22,7.23,100.0,2.6,2,1,2,0,71.2,29.9,53.6,No,No,Not Placed
STU0005,Male,20,5.61,88.8,0.9,0,1,2,0,67.0,60.6,55.0,No,Yes,Placed
STU0620,Female,22,7.24,71.7,2.8,0,1,2,1,45.4,62.6,80.9,Yes,Yes,Not Placed
STU1092,Female,22,8.25,86.0,4.2,0,1,4,0,61.8,70.8,31.1,No,Yes,Placed
STU0053,Female,20,5.9,71.1,3.3,0,0,2,0,54.0,83.7,66.1,Yes,Yes,Placed
STU0264,Male,22,5.21,84.3,1.9,0,1,0,0,49.5,61.1,68.7,No,Yes,Not Placed
STU1107,Male,20,5.57,74.2,3.5,1,0,2,4,46.5,60.2,81.1,Yes,No,Not Placed
STU0444,Male,22,7.83,58.9,3.4,0,0,1,1,66.8,100.0,63.6,Yes,Yes,Placed
STU1002,Male,22,8.12,75.1,4.2,2,1,2,0,76.3,92.9,56.1,No,Yes,Not Placed
STU0783,Male,22,8.32,79.6,3.4,2,0,3,1,87.8,81.4,69.1,No,No,Not Placed
STU0891,Female,22,7.95,76.5,3.1,0,1,3,2,47.0,56.1,80.3,Yes,No,Placed
STU0692,Male,22,8.06,88.2,0.0,1,0,2,3,75.6,68.2,54.0,Yes,No,Placed
STU0305,Female,20,6.31,86.7,3.2,1,1,1,3,45.8,67.9,57.4,No,No,Placed
STU0342,Male,20,6.14,80.3,2.1,0,2,2,0,59.2,80.9,46.4,Yes,Yes,Placed
STU0893,Female,20,5.75,83.4,6.9,0,1,4,2,58.9,88.4,97.2,Yes,Yes,Not Placed
STU0314,Female,21,8.29,75.3,1.3,3,3,3,4,45.5,43.0,63.6,No,Yes,Not Placed
STU0150,Male,21,7.8,72.0,0.5,1,0,4,0,83.2,65.9,64.4,No,No,Not Placed
STU0125,Male,20,6.6,87.5,4.5,0,2,2,0,42.2,48.9,58.4,No,No,Not Placed
STU1142,Male,20,8.17,89.5,2.1,0,0,1,1,60.0,86.2,47.3,No,No,Placed
STU0575,Female,21,7.01,67.5,3.4,2,1,3,3,39.3,77.2,80.9,No,Yes,Not Placed
STU0698,Female,21,8.15,69.9,4.1,1,1,3,1,75.5,51.6,78.7,No,No,Placed
STU0665,Male,22,5.83,64.6,7.2,0,1,1,3,47.5,68.5,96.7,Yes,No,Placed
STU0051,Female,22,8.25,59.0,2.6,0,0,4,0,50.8,67.1,87.9,Yes,Yes,Placed
STU0727,Male,21,5.77,92.0,2.9,2,2,2,1,64.5,88.3,78.0,No,No,Placed
STU0800,Female,20,7.67,98.6,1.8,1,1,0,0,74.5,58.5,85.6,No,No,Placed
STU0834,Male,20,5.82,90.5,4.7,3,2,3,3,83.9,66.9,58.4,No,No,Not Placed
STU0354,Male,21,5.56,87.8,0.3,0,1,3,2,72.3,30.0,65.5,Yes,No,Not Placed
STU1167,Female,20,6.47,81.0,2.0,3,1,1,2,58.5,76.4,72.3,Yes,No,Not Placed
STU0143,Male,21,8.44,70.4,1.7,0,1,0,0,71.6,77.5,83.0,Yes,Yes,Placed
STU0471,Male,22,5.55,99.0,4.6,1,2,2,0,61.0,61.3,48.9,No,No,Placed
STU0654,Female,22,7.34,85.7,4.8,0,1,1,0,80.8,72.7,38.7,Yes,No,Placed
STU0400,Female,20,6.98,73.0,2.8,2,0,3,0,56.3,45.1,44.8,Yes,Yes,Not Placed
STU0925,Male,22,6.17,66.3,2.6,0,0,1,0,81.5,72.3,73.6,No,No,Placed
STU0943,Female,20,6.27,63.4,3.2,0,1,0,2,75.9,65.9,42.0,No,Yes,Not Placed
STU0321,Male,22,8.9,72.8,5.5,3,1,1,1,37.8,44.8,36.4,No,Yes,Not Placed
STU0020,Male,20,7.51,76.1,1.7,0,0,2,1,60.0,63.5,49.8,No,No,Not Placed
STU0685,Female,22,6.87,90.1,2.0,0,2,3,0,66.5,86.9,56.3,No,No,Not Placed
STU0036,Female,21,7.15,65.3,2.1,1,3,0,2,72.6,64.9,35.2,No,Yes,Placed
STU0825,Male,22,7.38,87.9,1.7,0,0,2,2,86.4,81.6,55.5,Yes,No,Placed
STU0506,Male,21,7.09,73.8,5.4,0,1,4,1,60.0,36.5,51.8,No,Yes,Placed
STU0828,Male,20,8.32,63.1,2.6,0,1,2,4,64.3,68.4,69.6,Yes,No,Placed
STU1085,Female,20,6.79,90.0,5.3,3,1,4,2,76.2,53.5,52.4,No,No,Not Placed
STU0408,Male,21,6.58,82.2,4.8,0,2,3,0,71.4,70.9,99.7,No,No,Placed
STU0818,Male,22,7.08,84.5,2.8,0,3,2,0,46.9,50.3,53.6,Yes,No,Not Placed
STU0867,Male,21,8.73,83.3,1.8,0,3,3,4,88.5,61.9,42.4,Yes,Yes,Placed
STU0538,Male,21,6.18,80.9,3.8,1,1,0,1,52.7,80.8,33.4,No,Yes,Not Placed
STU0759,Female,20,7.9,86.1,3.3,0,1,2,1,71.8,70.1,34.8,No,Yes,Placed
STU1190,Female,22,6.57,92.5,1.2,1,1,2,3,56.2,57.5,62.0,No,No,Not Placed
STU0999,Female,22,7.5,69.4,4.2,0,0,1,1,56.3,43.6,50.4,No,No,Not Placed
STU0039,Female,22,8.79,77.3,3.2,0,3,4,3,48.3,81.4,70.8,No,No,Placed
STU0176,Male,22,6.62,89.2,5.0,0,3,2,0,59.3,56.0,55.0,Yes,No,Placed
STU0246,Female,21,5.25,74.9,2.9,0,0,3,0,64.3,68.1,53.4,No,No,Not Placed
STU0811,Female,20,6.62,99.0,1.9,2,2,2,3,67.6,67.7,55.1,No,Yes,Placed
STU1099,Female,21,8.25,77.6,4.4,0,1,0,1,67.4,43.3,24.2,No,Yes,Not Placed
STU0992,Female,21,7.32,63.4,3.3,0,1,4,2,90.8,67.3,64.1,No,No,Not Placed
STU0785,Male,20,8.3,89.4,2.7,0,2,3,2,82.7,57.5,77.3,Yes,No,Not Placed
STU1200,Male,20,6.68,95.1,3.0,0,0,4,0,82.3,61.6,57.8,No,No,Placed
STU0490,Female,21,7.88,73.4,3.7,0,1,0,2,74.5,59.5,49.2,Yes,No,Not Placed
STU0155,Female,22,6.33,,5.5,0,2,3,4,77.5,64.4,68.8,No,No,Placed
STU0639,Male,20,6.57,67.4,1.2,0,0,2,0,70.0,59.1,75.6,Yes,No,Not Placed
STU0663,Female,21,6.56,94.0,3.0,0,3,1,2,57.5,59.2,55.6,No,Yes,Not Placed
STU0854,Female,20,6.8,73.1,5.2,0,2,1,1,78.7,62.8,51.7,Yes,No,Placed
STU0288,Male,21,8.36,74.4,1.6,0,0,0,0,67.2,67.9,32.0,No,No,Not Placed
STU0626,Male,21,6.08,71.9,0.8,0,1,2,0,64.4,46.1,49.7,No,Yes,Not Placed
STU1141,Female,22,8.2,80.6,4.2,1,0,1,2,67.2,45.4,50.4,No,No,Placed
STU0686,Male,21,7.6,81.8,4.0,0,3,1,1,52.6,72.8,73.0,No,Yes,Placed
STU1031,Male,20,7.88,77.8,1.7,1,0,2,0,52.6,71.9,52.6,No,Yes,Placed
STU0899,Male,20,6.58,71.4,2.5,0,0,2,1,64.4,59.7,68.2,Yes,Yes,Not Placed
STU0570,Male,22,7.1,70.2,4.1,1,2,2,0,67.2,69.5,60.7,No,Yes,Placed
STU1158,Female,21,9.96,82.0,3.0,0,1,1,4,67.5,45.0,72.7,No,Yes,Placed
STU0735,Male,21,8.17,57.9,3.2,0,3,3,2,52.5,70.9,35.3,No,Yes,Placed
STU0793,Male,20,6.81,74.3,3.0,0,1,0,2,40.4,71.7,64.1,No,No,Not Placed
STU0018,Male,20,9.37,79.8,4.2,1,0,2,1,63.1,55.5,53.4,Yes,No,Placed
STU0128,Female,21,8.33,81.1,4.2,0,1,3,2,76.2,65.7,63.6,No,Yes,Placed
STU0323,Female,21,7.16,57.5,2.1,0,1,2,3,66.3,65.0,27.5,No,No,Placed
STU0256,Male,21,8.58,70.9,0.1,0,1,4,4,74.8,36.4,34.2,No,No,Placed
STU0972,Female,20,9.2,73.9,3.3,0,0,1,2,34.3,49.8,61.7,No,Yes,Not Placed
STU1194,Female,21,6.78,65.0,3.6,1,2,4,1,48.2,76.7,75.5,Yes,Yes,Placed
STU0191,Male,20,7.27,77.2,2.1,2,1,2,3,64.4,74.1,74.7,No,No,Placed
STU0116,Female,22,8.38,71.1,4.1,2,0,2,3,56.9,94.8,93.8,No,No,Placed
STU1188,Male,21,7.04,73.0,4.8,2,0,1,1,70.1,69.5,58.3,Yes,No,Not Placed
STU0966,Male,22,8.15,88.1,4.3,0,2,2,1,63.0,20.0,42.7,Yes,Yes,Placed
STU0607,Male,20,6.69,81.2,4.8,1,0,3,2,99.2,60.5,31.8,Yes,No,Placed
STU0181,Male,20,5.75,82.3,0.2,1,0,4,3,52.6,34.1,69.4,Yes,No,Not Placed
STU0302,Male,22,8.25,75.3,5.3,0,0,0,2,81.8,42.0,53.8,Yes,Yes,Placed
STU0497,Female,22,7.37,86.1,3.8,0,1,0,0,63.1,40.1,48.2,Yes,Yes,Not Placed
STU0349,Male,21,6.06,62.7,3.6,0,0,3,1,78.4,63.8,50.7,No,No,Not Placed
STU1050,Male,20,6.1,68.9,3.4,3,0,2,1,77.5,35.9,67.0,Yes,No,Not Placed
STU1081,Female,22,7.84,84.7,1.7,1,0,3,1,56.9,51.0,56.6,No,No,Not Placed
STU0745,Male,20,6.03,53.7,1.8,0,3,3,1,76.6,71.0,61.1,No,No,Not Placed
STU0045,Male,20,6.62,82.6,2.9,2,1,2,3,82.6,52.4,40.1,No,No,Not Placed
STU0985,Female,21,7.16,74.7,3.7,0,1,0,2,55.5,63.2,36.0,Yes,No,Placed
STU0518,Female,20,,76.0,1.4,0,1,4,0,71.3,56.1,95.1,Yes,No,Placed
STU0373,Male,21,6.6,82.5,4.6,0,1,4,2,72.6,53.3,50.0,No,No,Placed
STU0046,Female,22,7.15,67.4,2.2,1,2,1,0,60.9,34.9,29.8,Yes,Yes,Not Placed
STU0477,Male,22,8.06,78.8,1.4,0,1,3,2,49.0,66.4,53.5,No,No,Not Placed
STU0158,Female,21,5.15,84.8,0.0,2,0,1,3,61.6,45.7,72.3,Yes,No,Not Placed
STU1061,Female,21,7.4,91.8,0.6,0,0,3,1,61.9,86.2,64.6,No,No,Not Placed
STU0172,Male,22,6.73,64.5,2.2,1,1,4,1,66.7,79.3,85.7,Yes,Yes,Placed
STU0017,Male,20,6.0,71.5,3.0,0,1,3,0,77.1,61.3,63.3,No,No,Not Placed
STU0512,Male,20,,90.1,3.8,2,0,3,1,70.5,67.5,49.9,No,Yes,Not Placed
STU0049,Male,21,6.56,67.7,1.1,0,0,4,2,68.0,61.7,83.9,Yes,No,Placed
STU0192,Female,22,6.78,87.2,2.3,0,1,2,0,65.5,48.9,62.6,,Yes,Placed
STU0547,Male,21,9.02,,4.8,0,2,2,3,49.6,53.5,25.7,No,No,Placed
STU0516,Male,20,7.63,91.4,2.9,0,2,3,1,68.6,67.5,77.6,Yes,Yes,Placed
STU1008,Female,20,7.24,75.3,0.0,0,0,3,4,76.3,100.0,27.8,No,Yes,Not Placed
STU0967,Female,21,7.2,78.9,4.5,1,2,4,3,91.2,86.3,25.5,No,Yes,Placed
STU0829,Female,20,8.27,85.6,4.0,0,0,4,2,47.8,90.5,68.5,No,No,Not Placed
STU1014,Male,20,8.41,80.7,0.0,0,1,2,3,51.9,96.7,35.7,No,Yes,Placed
STU0481,Female,20,6.95,92.1,3.6,0,1,3,1,64.0,62.9,70.0,Yes,Yes,Placed
STU1143,Female,22,6.02,,3.1,2,2,1,1,57.0,66.1,56.9,No,No,Not Placed
STU0284,Male,21,6.76,77.4,2.1,0,0,4,2,64.8,46.6,61.5,Yes,Yes,Not Placed
STU1044,Female,21,8.5,65.2,4.9,1,0,2,0,50.9,52.9,49.8,No,No,Not Placed
STU0798,Male,21,8.23,61.7,2.5,0,2,3,0,92.2,62.0,82.8,No,No,Not Placed
STU0995,Male,20,5.32,79.8,1.3,3,0,3,2,75.5,76.4,71.1,No,Yes,Not Placed
STU0226,Male,20,5.21,,1.2,0,1,1,4,62.1,54.9,34.6,Yes,No,Placed
STU0027,Male,22,8.12,75.9,2.8,1,0,2,0,48.2,64.8,78.2,,No,Not Placed
STU0283,Male,22,9.61,83.5,0.2,0,1,1,0,50.3,82.7,84.8,No,Yes,Not Placed
STU1164,Female,20,7.89,79.1,0.5,0,2,3,1,61.4,71.7,84.9,Yes,Yes,Not Placed
STU0438,Female,20,6.56,66.8,4.4,0,0,4,0,61.9,46.7,81.6,No,Yes,Not Placed
STU1182,Male,22,7.09,79.2,2.2,0,1,4,3,63.7,61.6,99.3,Yes,Yes,Placed
STU0365,Female,22,7.17,86.8,1.4,0,1,2,1,70.1,42.9,63.2,Yes,No,Placed
STU0230,Female,21,6.08,73.6,2.6,3,2,2,3,72.3,44.5,88.0,No,No,Placed
STU0038,Male,20,9.01,90.4,3.0,0,0,2,3,53.3,67.2,36.8,No,No,Placed
STU0670,Male,20,8.99,77.9,7.0,2,2,3,0,,78.5,72.0,No,Yes,Placed
STU0750,Female,22,7.28,82.6,5.4,0,0,2,0,47.9,65.6,37.9,Yes,Yes,Not Placed
STU1195,Male,22,6.65,80.8,2.9,0,3,2,3,65.4,45.8,57.3,No,Yes,Not Placed
STU0375,Male,21,7.09,86.1,5.8,0,1,2,1,53.2,78.6,52.6,Yes,Yes,Not Placed
STU0470,Female,21,8.0,90.4,4.5,0,0,2,0,63.1,62.2,77.8,Yes,No,Not Placed
STU0883,Male,20,5.65,84.0,1.4,0,0,4,0,73.9,71.7,49.4,No,Yes,Not Placed
STU1097,Male,21,6.56,86.2,3.2,1,2,2,2,61.9,61.8,19.2,No,No,Not Placed
STU1196,Female,21,8.15,81.2,0.4,0,0,2,1,73.6,48.7,32.7,No,No,Not Placed
STU0688,Male,21,7.84,80.7,1.3,0,1,4,1,43.1,45.2,85.5,No,No,Placed
STU0033,Male,22,7.13,97.0,1.9,2,0,2,1,72.1,67.0,52.8,No,Yes,Not Placed
STU0640,Male,20,6.22,95.3,6.4,0,1,2,2,88.8,85.0,79.2,Yes,No,Not Placed
STU1053,Female,20,6.63,83.0,4.2,0,0,1,1,64.5,48.0,43.1,Yes,No,Not Placed
STU0195,Male,21,7.51,99.1,1.0,2,0,2,2,78.3,91.5,28.8,Yes,No,Placed
STU1120,Male,20,6.76,85.7,6.1,2,1,2,4,31.1,59.6,52.3,No,No,Not Placed
STU1128,Male,22,7.33,99.4,3.0,1,0,1,0,40.6,76.9,64.3,No,Yes,Not Placed
STU0981,Male,21,7.08,82.9,1.1,0,0,4,3,55.3,64.9,72.5,No,No,Not Placed
STU0504,Female,21,7.33,74.0,2.4,2,0,1,3,81.1,71.6,72.0,No,Yes,Not Placed
STU0916,Male,21,6.19,87.9,2.4,0,1,3,0,78.4,69.0,52.5,Yes,No,Not Placed
STU1007,Female,20,7.65,84.9,1.9,0,2,1,1,62.1,46.7,68.0,Yes,Yes,Placed
STU1198,Female,20,6.51,83.8,1.7,0,2,3,4,28.0,77.7,47.1,No,Yes,Not Placed
STU1102,Female,21,7.48,71.7,2.3,0,3,3,1,81.1,49.1,47.0,Yes,No,Placed
STU0801,Female,22,8.57,72.7,4.8,2,0,4,4,65.4,68.6,63.2,No,No,Placed
STU0580,Male,20,6.31,77.6,0.6,0,2,4,0,80.8,26.0,75.9,Yes,No,Not Placed
STU0161,Male,22,7.43,100.0,3.2,2,1,3,1,69.9,46.1,39.9,No,Yes,Not Placed
STU0681,Female,20,7.57,72.7,1.8,0,0,2,1,87.5,54.7,33.3,Yes,No,Placed
STU0957,Male,20,6.54,81.5,4.0,2,1,2,0,57.3,48.4,55.8,Yes,No,Not Placed
STU1145,Male,21,7.56,69.6,4.1,0,1,3,2,61.8,76.8,71.2,Yes,No,Placed
STU0163,Female,22,7.03,88.2,3.1,0,1,2,0,66.1,49.2,39.2,No,No,Placed
STU0822,Male,22,7.56,91.5,0.0,1,1,3,1,76.7,61.0,60.6,No,No,Placed
STU0706,Female,21,6.53,85.1,4.7,0,3,2,0,57.6,44.7,57.0,Yes,Yes,Placed
STU1032,Female,21,7.76,72.6,0.0,1,0,2,2,80.2,57.6,66.7,Yes,Yes,Not Placed
STU0878,Female,21,8.74,83.4,3.1,0,0,2,0,72.6,46.1,65.9,Yes,Yes,Not Placed
STU0896,Male,22,7.37,82.1,2.3,0,1,1,1,66.2,71.8,76.6,Yes,Yes,Not Placed
STU0914,Male,21,7.5,81.9,3.7,2,0,4,3,58.2,53.4,90.5,,Yes,Placed
STU0850,Female,21,7.07,73.6,4.9,1,1,2,0,61.7,70.7,44.6,Yes,Yes,Placed
STU0153,Male,20,,75.3,5.5,1,0,3,3,100.0,79.8,55.8,Yes,Yes,Not Placed
STU1009,Male,22,7.37,72.0,2.2,0,0,3,0,56.5,69.1,68.4,No,No,Not Placed
STU1161,Female,20,5.71,63.5,4.1,1,3,1,0,74.1,70.1,61.6,Yes,No,Placed
STU0510,Female,21,7.01,80.9,1.7,2,1,3,1,67.9,91.3,29.6,Yes,No,Not Placed
STU0112,Male,20,,77.8,3.1,0,0,4,2,69.1,49.0,87.7,Yes,No,Placed
STU0227,Female,21,7.0,91.5,0.4,0,0,1,1,75.8,51.5,17.2,No,No,Not Placed
STU1016,Female,22,6.58,71.1,4.7,0,0,2,1,61.6,79.4,55.2,No,No,Placed
STU0852,Female,22,7.37,80.8,3.2,0,1,3,1,59.4,59.6,31.5,,No,Placed
STU0104,Male,20,6.96,82.2,2.5,0,2,0,0,47.1,81.4,56.2,No,No,Not Placed
STU0422,Female,22,7.18,72.8,5.8,0,2,3,2,64.8,70.9,49.9,No,No,Placed
STU0420,Female,22,7.39,83.0,2.3,1,1,3,4,50.6,69.3,68.1,Yes,No,Placed
STU0968,Male,21,6.03,75.5,3.7,0,1,1,4,34.1,83.1,31.4,Yes,No,Placed
STU0625,Female,21,,85.6,5.6,1,2,0,0,48.0,69.3,43.8,No,Yes,Not Placed
STU0587,Male,21,6.15,81.7,3.0,1,1,2,0,55.4,67.0,80.6,No,No,Placed
STU1075,Female,21,6.29,74.0,2.3,1,0,0,3,68.9,52.9,50.3,No,No,Placed
STU0920,Male,20,7.68,77.0,3.4,0,0,4,1,63.4,60.6,57.1,No,No,Placed
STU0673,Male,22,6.48,74.6,3.4,0,0,0,0,,54.6,55.9,No,No,Not Placed
STU0120,Male,21,8.09,75.1,3.6,0,1,0,1,40.0,83.5,49.9,No,No,Not Placed
STU0054,Female,22,7.29,84.0,2.5,0,3,3,1,62.9,45.9,40.9,Yes,No,Placed
STU0152,Male,21,7.95,67.5,2.0,0,1,2,3,50.5,71.8,72.9,No,No,Placed
STU0404,Female,20,6.53,77.9,3.5,0,0,4,1,62.5,63.8,28.7,No,No,Placed
STU0440,Male,20,6.51,87.1,2.4,0,1,2,3,59.0,48.4,71.0,No,Yes,Not Placed
STU0208,Female,21,6.2,100.0,7.0,1,1,4,2,58.7,48.0,56.7,No,No,Placed
STU1149,Female,21,6.84,81.8,3.0,1,1,3,0,40.4,67.2,31.9,Yes,Yes,Not Placed
STU0659,Female,20,7.57,66.6,0.8,0,0,2,1,,75.3,73.7,Yes,No,Placed
STU1111,Female,22,8.4,95.1,2.3,0,1,1,0,97.3,51.3,89.4,No,No,Placed
STU0233,Male,21,7.02,92.3,4.3,0,0,2,2,86.9,55.6,61.1,Yes,Yes,Not Placed
STU0009,Female,22,7.83,93.5,2.8,0,2,4,0,87.8,73.3,51.2,No,Yes,Not Placed
STU0160,Female,21,8.19,80.1,3.1,1,1,1,3,49.1,76.1,79.6,Yes,Yes,Not Placed
STU0037,Male,20,6.8,75.8,5.4,0,1,3,1,,56.4,59.6,Yes,No,Placed
STU0453,Male,20,6.43,94.4,3.5,0,1,1,0,59.6,54.7,51.8,No,No,Placed
STU0652,Male,21,5.76,82.1,1.0,0,1,0,1,62.8,75.8,57.8,No,Yes,Not Placed
STU0254,Male,20,7.04,72.9,1.3,0,0,2,0,58.5,71.9,74.1,Yes,No,Not Placed
STU0304,Female,20,7.9,53.4,2.1,2,3,1,3,92.4,54.0,75.2,Yes,No,Placed
STU0897,Male,20,6.77,80.9,4.3,1,1,2,2,47.3,64.6,75.8,Yes,Yes,Placed
STU1063,Female,20,8.24,70.1,0.0,0,1,3,2,51.1,56.1,76.1,Yes,No,Placed
STU0881,Male,20,7.34,88.2,2.6,1,1,3,0,57.8,65.5,68.6,No,No,Not Placed
STU0572,Female,22,7.16,83.4,4.3,2,0,1,2,43.4,64.3,53.2,No,No,Not Placed
STU1012,Female,22,6.6,82.2,1.6,1,0,2,0,,72.4,98.7,No,No,Not Placed
STU1147,Female,21,6.11,87.5,3.7,1,0,2,0,41.2,54.6,52.3,No,No,Not Placed
STU0624,Male,22,7.71,89.0,3.3,0,1,0,1,41.5,65.9,50.2,Yes,No,Not Placed
STU0346,Female,22,8.3,75.0,4.6,0,1,4,2,80.5,41.2,43.7,Yes,Yes,Placed
STU0821,Female,21,7.28,80.0,1.9,2,0,1,0,27.9,57.7,44.2,Yes,No,Not Placed
STU0263,Male,21,6.45,84.0,1.9,0,1,4,2,54.5,83.6,28.3,No,Yes,Not Placed
STU0151,Female,20,6.11,71.8,3.2,0,2,2,3,60.9,82.3,20.9,No,Yes,Not Placed
STU0473,Male,20,7.5,81.1,4.1,1,0,2,0,59.5,50.4,39.4,Yes,Yes,Not Placed
STU0641,Male,22,7.62,81.3,2.6,0,0,3,1,44.5,71.1,65.9,Yes,No,Placed
STU0059,Male,22,7.15,84.4,1.9,0,2,2,0,85.2,52.7,37.9,Yes,No,Placed
STU1144,Male,20,7.98,88.5,2.0,0,3,2,1,74.9,99.7,78.3,No,Yes,Placed
STU0551,Male,20,7.31,,1.4,2,2,1,1,70.5,63.2,50.0,No,No,Not Placed
STU0929,Female,20,8.16,80.2,2.4,0,2,2,0,58.8,51.4,49.0,No,No,Placed
STU0489,Female,21,7.0,95.4,4.0,0,2,1,2,41.2,57.1,18.4,No,No,Not Placed
STU1095,Male,20,6.78,83.8,2.5,0,2,2,1,60.6,68.3,61.7,No,No,Placed
STU0147,Female,20,8.13,69.1,1.1,1,2,4,4,58.4,61.3,80.9,Yes,Yes,Placed
STU0403,Male,20,6.83,76.2,2.1,0,2,1,1,65.7,52.9,43.4,No,Yes,Not Placed
STU0955,Male,21,7.07,84.8,1.3,0,0,2,1,67.5,92.8,65.9,No,No,Not Placed
STU1139,Male,21,7.2,71.2,3.5,0,1,2,1,91.5,70.9,58.4,Yes,Yes,Placed
STU0660,Male,21,5.78,85.1,2.9,0,1,1,2,76.9,78.3,45.8,No,Yes,Not Placed
STU0464,Female,22,7.7,72.0,2.3,0,0,3,0,74.3,62.1,46.3,No,No,Not Placed
STU0187,Female,21,8.01,67.9,2.4,0,0,2,2,71.2,50.8,37.5,Yes,No,Placed
STU0609,Male,21,7.02,78.0,5.7,0,1,2,2,50.9,62.7,69.3,No,Yes,Placed
STU0144,Male,22,8.11,70.2,4.1,1,2,2,1,77.5,66.8,69.4,No,Yes,Placed
STU0752,Female,20,7.13,66.4,1.6,0,1,3,1,44.1,57.1,100.0,Yes,No,Placed
STU0982,Female,22,7.36,74.4,4.2,0,0,3,2,68.5,53.4,46.3,No,Yes,Not Placed
STU0198,Female,21,7.78,88.6,4.5,1,1,2,1,91.5,42.9,49.0,No,Yes,Placed
STU0884,Male,22,7.46,72.8,1.8,0,0,1,1,73.5,42.1,40.1,No,No,Not Placed
STU0280,Female,22,6.53,90.2,3.8,1,1,2,0,68.7,63.5,86.1,Yes,No,Placed
STU0294,Male,20,6.21,82.7,2.1,0,0,3,3,58.8,35.9,48.2,No,No,Not Placed
STU1103,Female,21,7.11,78.6,0.1,0,1,2,2,60.6,66.3,71.5,No,Yes,Placed
STU0401,Male,20,8.06,94.0,4.7,0,0,4,0,69.4,63.4,53.5,No,Yes,Placed
STU0123,Male,21,6.69,83.3,1.6,1,0,3,1,55.2,61.1,37.8,Yes,No,Not Placed
STU0203,Male,21,8.53,69.7,1.0,0,0,2,2,75.5,53.1,80.6,Yes,Yes,Not Placed
STU0836,Male,20,7.45,84.2,3.5,1,1,2,0,74.3,66.5,75.3,No,No,Not Placed
STU0247,Male,21,7.18,68.5,3.4,0,0,0,2,57.5,71.4,33.8,Yes,Yes,Not Placed
STU1154,Female,20,8.4,86.6,1.5,0,2,4,1,72.7,34.8,46.0,No,Yes,Placed
STU0385,Female,22,7.42,85.3,3.6,0,1,3,0,66.0,78.3,71.2,No,No,Placed
STU0855,Male,20,,64.9,1.8,0,0,3,1,58.7,27.1,79.0,No,No,Not Placed
STU0220,Female,21,7.75,86.5,3.9,2,1,1,2,81.0,47.5,56.7,Yes,No,Not Placed
STU0642,Male,22,7.84,,3.0,0,1,2,2,44.1,57.5,70.6,Yes,No,Not Placed
STU0002,Female,22,7.19,68.6,6.8,0,0,1,3,80.2,46.5,78.2,Yes,No,Not Placed
STU0113,Female,20,6.93,64.5,3.1,0,0,4,2,39.5,49.2,68.5,Yes,Yes,Not Placed
STU0699,Male,22,6.68,72.1,4.4,2,2,2,3,86.3,75.9,49.6,No,No,Placed
STU0952,Female,20,5.83,86.2,1.7,0,3,0,0,63.7,53.1,74.0,No,No,Not Placed
STU1093,Female,22,7.8,93.3,2.7,0,2,1,3,54.4,65.8,36.9,Yes,No,Placed
STU0442,Female,21,6.63,83.3,3.2,2,2,4,2,49.0,83.3,76.6,Yes,No,Not Placed
STU0664,Male,21,6.66,85.5,3.3,0,1,4,0,52.7,74.5,66.3,No,No,Not Placed
STU1110,Male,20,7.82,77.5,2.9,0,1,2,3,73.9,60.3,71.3,Yes,Yes,Placed
STU0318,Male,21,6.13,90.9,2.0,0,1,1,1,78.6,97.4,55.2,No,No,Not Placed
STU0649,Female,22,6.52,91.4,1.0,1,1,1,1,66.9,63.9,70.2,Yes,No,Not Placed
STU0710,Female,21,8.22,74.3,0.6,1,3,2,3,63.3,67.5,30.3,Yes,Yes,Placed
STU0973,Female,22,7.43,91.4,3.6,0,2,4,0,82.6,61.4,47.5,No,Yes,Placed
STU0628,Female,22,7.95,75.1,5.7,3,0,3,1,90.2,86.8,70.6,Yes,No,Not Placed
STU0633,Male,21,7.19,93.8,1.1,0,0,2,1,76.8,80.0,14.0,No,Yes,Not Placed
STU1186,Female,21,7.48,81.9,4.6,0,1,0,0,61.5,45.8,72.4,Yes,Yes,Placed
STU1121,Female,21,5.98,87.8,0.4,0,1,4,0,46.4,74.3,73.7,Yes,No,Not Placed
STU0796,Female,21,7.06,72.5,4.0,0,1,1,1,61.2,83.7,34.1,Yes,Yes,Not Placed
STU0646,Female,21,6.76,65.5,2.4,1,2,1,0,100.0,43.6,81.6,No,No,Placed
STU1013,Female,22,6.93,95.7,3.7,1,1,2,1,76.6,55.7,47.5,Yes,No,Not Placed
STU0557,Male,21,5.25,59.7,5.3,0,0,2,1,,59.2,42.5,No,No,Not Placed
STU0682,Male,20,6.01,80.1,2.6,0,0,1,0,63.8,64.6,66.3,No,No,Placed
STU0578,Female,20,6.66,73.1,1.2,0,0,4,1,59.0,98.4,72.0,Yes,Yes,Placed
STU0525,Female,21,8.35,,3.4,0,1,1,0,80.7,82.7,80.6,No,No,Placed
STU1060,Female,20,7.23,69.8,3.3,0,0,3,0,67.5,67.5,27.1,Yes,Yes,Placed
STU0541,Female,20,7.9,86.6,6.0,0,1,2,0,82.6,51.4,33.3,Yes,Yes,Placed
STU0749,Female,20,7.77,68.2,2.9,0,1,3,0,82.0,68.7,60.9,No,No,Not Placed
STU1121,Female,21,5.98,87.8,0.4,0,1,4,0,46.4,74.3,73.7,Yes,No,Not Placed
STU0485,Female,20,8.12,60.3,5.8,0,1,1,1,65.1,63.1,49.2,Yes,No,Placed
STU0096,Male,21,7.21,67.9,5.4,0,2,2,0,54.5,79.0,52.6,No,Yes,Placed
STU1021,Female,21,8.79,84.9,3.2,0,0,1,0,54.6,64.5,39.8,Yes,No,Not Placed
STU0564,Male,22,6.36,68.3,2.8,0,0,0,4,68.7,34.1,60.1,Yes,No,Not Placed
STU0743,Female,20,6.72,93.7,0.0,0,0,2,0,65.6,61.1,74.4,No,Yes,Not Placed
STU0864,Male,20,7.71,87.2,3.9,0,3,1,4,54.5,76.2,70.9,No,Yes,Placed
STU0892,Female,22,6.28,90.5,4.9,0,2,4,1,87.5,61.6,80.9,Yes,Yes,Placed
STU1039,Male,20,7.34,84.0,2.7,1,2,1,2,66.6,71.4,21.0,Yes,Yes,Not Placed
STU0207,Male,20,9.09,84.2,0.4,0,1,1,0,60.2,66.8,65.5,No,Yes,Not Placed
STU0393,Male,21,8.25,87.6,4.3,2,2,2,2,56.4,55.7,66.5,No,No,Placed
STU0795,Male,20,7.69,73.7,3.1,0,1,3,1,72.2,65.9,29.2,No,Yes,Placed
STU0871,Male,21,7.57,100.0,3.1,1,0,2,4,83.3,69.6,43.8,No,No,Placed
STU0398,Male,20,7.37,91.8,2.1,0,0,3,4,49.4,61.7,65.8,No,No,Placed
STU0767,Female,20,7.42,98.1,6.0,3,0,2,0,47.7,80.5,75.4,No,Yes,Placed
STU1114,Male,22,9.02,90.7,4.3,1,2,2,2,70.6,60.1,50.7,No,Yes,Placed
STU1029,Male,21,8.46,81.6,2.0,1,0,3,4,62.8,66.1,34.8,No,Yes,Placed
STU0643,Male,20,7.06,77.7,5.5,0,0,1,1,62.6,62.2,69.3,No,No,Not Placed
STU0613,Female,20,,77.8,5.0,0,0,0,1,52.2,62.7,34.6,No,No,Not Placed
STU0961,Male,20,5.32,80.3,2.2,2,2,0,2,74.4,36.2,75.6,No,No,Not Placed
STU0726,Female,20,7.29,96.0,3.9,0,2,2,3,61.5,63.8,45.0,No,No,Placed
STU0684,Female,22,6.28,72.7,6.2,0,0,1,1,62.2,64.7,56.9,No,Yes,Placed
STU0099,Male,21,8.23,91.7,2.9,2,1,2,2,49.5,85.1,64.3,Yes,Yes,Not Placed
STU0805,Male,22,6.74,72.8,2.8,0,1,3,0,74.8,76.5,52.6,Yes,No,Placed
STU0407,Male,22,6.4,90.5,0.9,0,0,3,1,81.8,76.5,90.1,No,No,Not Placed
STU0503,Male,20,6.81,66.1,2.3,0,3,2,3,62.8,72.3,94.4,No,No,Placed
STU1072,Male,22,8.19,91.5,2.7,2,0,1,0,54.9,73.7,57.6,,Yes,Placed
STU1057,Female,22,7.97,77.2,4.0,1,2,4,3,54.5,86.6,62.9,No,No,Not Placed
STU0930,Male,20,5.27,90.5,3.6,2,1,3,0,54.3,80.2,33.9,No,Yes,Not Placed
STU0780,Female,22,6.62,100.0,1.1,0,1,1,1,56.7,58.3,61.1,No,Yes,Not Placed
STU0201,Female,22,5.57,81.8,2.9,0,0,2,1,60.7,87.7,66.0,Yes,Yes,Not Placed
STU0135,Female,21,7.54,85.1,4.6,0,2,3,3,,78.0,49.4,Yes,No,Placed
STU1052,Male,20,8.04,93.2,3.0,1,2,2,0,70.2,60.7,62.6,No,Yes,Not Placed
STU0041,Male,22,6.56,74.7,4.8,1,1,2,0,47.6,59.6,85.6,No,No,Placed
STU1018,Male,20,5.88,65.4,3.4,2,2,3,0,77.6,55.2,64.2,No,No,Placed
STU0231,Female,21,6.4,79.3,2.8,0,2,0,2,59.9,58.4,87.0,No,No,Not Placed
STU0379,Female,20,7.43,71.9,3.1,0,3,1,0,50.4,62.0,54.3,,No,Not Placed
STU0289,Male,20,7.62,99.9,0.6,0,2,1,1,,50.5,48.0,No,No,Placed
STU0419,Female,22,6.51,94.7,4.6,0,1,3,1,89.6,63.5,33.3,No,No,Not Placed
STU0392,Male,21,8.54,65.7,2.9,1,0,3,0,68.4,45.7,66.0,Yes,Yes,Not Placed
STU0593,Male,22,7.5,71.7,2.6,0,1,1,2,64.7,87.4,55.9,,Yes,Placed
STU1087,Female,22,6.9,,3.0,0,0,1,1,77.0,89.6,44.5,Yes,No,Not Placed
STU0648,Female,20,7.51,92.1,2.1,0,1,2,1,56.7,80.5,62.7,Yes,No,Not Placed
STU0521,Female,22,8.07,97.3,3.5,0,1,2,0,65.4,60.5,37.9,No,No,Placed
STU0065,Male,22,8.13,76.5,4.3,0,1,0,1,53.3,63.3,83.9,Yes,No,Placed
STU0015,Male,21,6.2,65.7,3.8,0,2,0,1,76.0,49.8,45.4,No,Yes,Not Placed
STU1065,Male,21,8.2,75.1,0.3,0,0,1,0,72.2,58.2,72.7,Yes,No,Not Placed
STU0493,Male,21,8.61,67.0,3.3,0,1,1,3,70.7,67.9,64.8,Yes,No,Not Placed
STU0380,Male,22,8.14,66.5,2.5,1,2,1,3,45.9,66.9,55.5,Yes,Yes,Not Placed
STU0188,Male,20,7.39,77.6,1.9,2,1,3,0,50.4,66.9,51.1,No,Yes,Placed
STU0764,Female,22,7.24,100.0,3.2,0,2,1,0,65.0,43.8,63.3,No,No,Placed
STU0217,Male,21,7.58,64.8,0.4,2,0,3,1,54.0,69.8,83.0,No,Yes,Placed
STU0792,Female,20,6.61,88.3,3.0,2,1,0,2,51.7,56.8,95.7,No,No,Placed
STU1077,Male,20,5.83,74.6,2.6,1,0,1,1,49.8,55.1,37.0,Yes,No,Not Placed
STU0879,Male,20,7.03,,2.0,0,2,2,1,66.2,62.3,47.4,Yes,Yes,Not Placed
STU0338,Female,21,5.86,74.8,1.6,0,3,2,0,76.1,47.0,69.6,No,No,Not Placed
STU0720,Female,21,7.41,86.0,4.4,0,0,3,1,28.5,46.9,56.2,No,No,Placed
STU0296,Male,20,8.49,92.5,0.0,2,1,2,0,62.5,91.1,66.4,Yes,No,Placed
STU1017,Male,22,6.07,71.5,6.1,2,2,2,1,55.0,57.9,71.9,No,No,Not Placed
STU0456,Male,21,8.1,71.3,4.8,0,1,1,1,79.9,76.5,58.5,No,No,Not Placed
STU0816,Male,21,6.6,76.4,2.4,0,1,4,3,39.8,68.1,81.4,No,No,Placed
STU0270,Male,22,7.05,62.1,3.7,2,1,3,1,41.0,46.9,33.8,Yes,No,Not Placed
STU0996,Male,22,7.03,89.2,2.8,0,1,1,0,51.5,59.4,82.0,Yes,No,Not Placed
STU0202,Male,22,6.58,70.9,1.3,0,3,2,1,75.6,76.6,25.6,No,Yes,Not Placed
STU0162,Female,22,7.14,76.3,2.9,0,2,4,4,24.2,58.9,62.0,No,Yes,Not Placed
STU0730,Male,21,7.92,82.8,3.8,1,1,2,0,64.5,40.7,40.1,No,No,Placed
STU0402,Female,20,8.19,68.6,3.6,1,1,1,1,67.8,67.0,86.2,No,No,Placed
STU0703,Male,21,6.54,53.6,1.2,2,0,1,1,85.2,48.9,74.4,No,No,Not Placed
STU1130,Male,22,7.69,92.9,3.3,0,1,0,3,70.0,65.7,59.3,No,No,Not Placed
STU0566,Female,20,7.04,74.2,4.3,0,1,2,4,65.6,76.0,92.5,No,No,Not Placed
STU1022,Male,21,6.95,71.3,3.4,0,0,0,3,94.9,69.3,74.9,Yes,No,Placed
STU1026,Male,20,9.1,80.2,2.5,0,3,2,4,81.8,100.0,52.8,Yes,Yes,Placed
STU1105,Female,22,8.29,83.0,3.2,1,1,2,3,51.7,35.6,63.1,Yes,No,Placed
STU0206,Male,20,7.41,73.2,4.4,0,2,1,1,86.6,54.2,46.8,Yes,No,Placed
STU0035,Female,20,6.06,46.8,1.9,0,0,2,1,84.4,28.4,50.2,No,No,Not Placed
STU0776,Male,20,7.89,76.4,1.8,0,1,1,2,74.4,74.6,46.1,Yes,No,Placed
STU0509,Female,22,5.9,90.7,3.7,0,3,4,1,55.2,77.2,91.2,Yes,No,Placed
STU1199,Female,21,6.86,91.2,1.2,1,3,2,0,55.1,69.6,51.5,No,No,Placed
STU0092,Female,22,7.38,88.9,4.7,1,1,1,1,60.8,51.9,32.7,No,Yes,Not Placed
STU0898,Female,20,5.6,98.1,0.5,0,1,3,0,27.6,83.1,53.7,No,No,Not Placed
STU0565,Male,20,6.84,94.3,1.7,0,1,3,2,58.7,60.1,45.7,No,No,Placed
STU0777,Male,22,8.2,71.1,4.8,0,0,4,0,71.4,96.4,63.6,No,No,Placed
STU0242,Female,20,7.03,78.1,6.4,1,1,4,3,78.9,84.7,61.0,Yes,No,Placed
STU0014,Male,21,6.37,80.2,0.4,0,1,2,1,89.1,85.5,53.2,No,No,Not Placed
STU0316,Female,22,6.56,76.6,6.3,0,3,3,0,87.0,81.6,76.3,Yes,No,Placed
STU0601,Male,20,6.72,90.0,1.2,0,1,4,0,54.3,63.9,42.9,No,Yes,Placed
STU0388,Male,20,6.96,76.7,3.7,0,1,2,1,51.9,47.7,51.0,Yes,No,Not Placed
STU0167,Male,21,6.81,85.7,5.0,0,0,2,1,79.4,43.6,59.4,No,No,Placed
STU0841,Male,22,7.24,80.2,1.6,0,1,0,2,49.8,71.2,48.7,Yes,No,Not Placed
STU0021,Female,20,6.47,68.1,3.0,0,2,0,1,41.9,74.7,24.1,Yes,No,Placed
STU0647,Female,21,6.48,83.3,4.0,0,2,2,1,60.3,55.0,63.8,Yes,No,Placed
STU1155,Female,22,7.96,61.4,6.5,0,2,1,0,47.3,71.9,44.3,No,Yes,Placed
STU0832,Male,21,8.03,73.0,2.5,0,0,2,2,59.4,52.1,91.6,No,No,Not Placed
STU0563,Male,20,5.15,92.2,3.2,2,0,2,0,61.9,88.0,54.8,No,Yes,Not Placed
STU1197,Female,20,6.29,67.3,3.2,0,2,3,4,73.0,67.7,60.6,No,No,Not Placed
STU0687,Male,22,7.21,85.5,2.5,0,0,1,4,76.0,69.4,69.4,No,No,Not Placed
STU0958,Male,21,6.57,77.1,4.3,0,2,3,2,73.8,47.9,51.9,No,Yes,Not Placed
STU0190,Male,22,6.62,69.9,5.3,0,1,2,1,73.5,73.4,54.8,No,No,Placed
STU0976,Male,20,6.49,95.0,2.1,0,2,2,0,49.5,55.0,87.1,Yes,Yes,Placed
STU0700,Male,20,5.7,81.0,4.1,0,0,2,4,67.5,50.5,59.7,No,Yes,Not Placed
STU0511,Female,22,5.94,74.4,5.2,2,2,1,1,59.7,81.8,67.6,No,Yes,Placed
STU1083,Male,21,6.35,86.6,1.7,0,1,4,2,41.5,57.1,73.9,Yes,No,Not Placed
STU0475,Male,22,6.64,91.8,5.3,1,2,2,3,50.2,50.1,54.2,No,No,Not Placed
STU0857,Male,21,7.21,79.8,1.7,0,1,3,4,27.7,62.4,78.1,Yes,No,Placed
STU0748,Male,21,8.04,62.7,6.0,0,3,1,0,85.2,28.5,90.7,No,Yes,Placed
STU0253,Female,22,7.95,78.7,2.4,0,1,2,0,76.6,79.3,58.5,No,Yes,Placed
STU0022,Male,22,6.92,56.8,2.2,0,1,1,1,62.2,82.1,47.3,No,No,Not Placed
STU0460,Male,20,7.37,99.5,2.5,0,0,1,2,72.7,68.7,76.0,Yes,Yes,Placed
STU1185,Male,21,7.51,63.1,2.4,1,1,2,2,79.8,63.4,100.0,Yes,No,Not Placed
STU0277,Female,22,7.54,68.0,0.0,1,1,4,3,87.0,58.3,60.4,No,No,Not Placed
STU0956,Male,21,6.67,86.8,3.5,0,0,4,2,69.0,60.5,95.4,No,No,Placed
STU0386,Female,22,5.02,,1.8,2,1,2,1,77.4,41.3,28.6,No,Yes,Not Placed
STU0806,Female,22,5.7,64.4,0.0,0,1,1,3,53.7,74.3,18.0,Yes,No,Not Placed
STU0344,Male,22,7.43,90.0,0.3,2,1,2,0,67.2,71.5,55.9,No,No,Not Placed
STU0770,Female,21,6.95,81.2,1.8,0,1,1,2,95.9,79.1,64.9,Yes,No,Not Placed
STU0131,Male,21,7.11,95.3,1.5,0,0,1,1,58.1,57.0,48.6,Yes,No,Not Placed
STU0872,Male,21,7.61,80.1,1.1,0,3,2,2,47.9,59.9,55.7,No,No,Not Placed
STU1124,Female,20,7.34,90.9,2.4,2,1,2,1,66.2,64.7,49.3,No,Yes,Placed
STU0088,Female,21,7.88,79.7,4.2,2,1,1,2,64.5,62.1,76.7,No,No,Not Placed
STU0331,Male,21,5.58,68.7,3.2,0,1,0,1,94.1,77.4,66.4,No,No,Not Placed
STU0467,Male,22,6.16,69.3,3.1,2,1,0,1,68.3,91.4,58.8,Yes,Yes,Placed
STU0122,Female,20,6.44,73.9,2.7,0,2,4,1,86.8,67.0,59.7,No,Yes,Placed
STU1045,Female,21,7.91,76.2,2.5,2,2,3,2,93.3,63.4,44.8,Yes,Yes,Not Placed
STU1096,Male,22,7.78,78.6,4.1,0,0,3,0,63.8,65.6,54.9,No,No,Not Placed
STU1131,Female,21,7.82,68.6,3.9,0,0,4,2,44.4,70.1,52.7,No,No,Placed
STU0861,Female,20,7.93,89.9,2.7,0,2,2,1,54.2,87.1,39.0,No,No,Placed
STU1127,Male,22,5.88,,1.9,0,0,1,1,69.2,80.0,66.0,No,Yes,Not Placed
